log(chl);log(rrs443);log(rrs490);log(rrs510);log(rrs560);DOY
0.482158695;-2.775414369;-2.804895253;-2.791867274;-2.902936795;103
0.802089258;-2.999033035;-2.934175387;-2.883549666;-2.888819176;100
-0.663540266;-2.377579866;-2.381585681;-2.450494523;-2.643155113;209
-0.185086819;-1.992209776;-1.986267534;-2.031670389;-2.203479645;230
-0.48148606;-2.36093855;-2.423061646;-2.513627053;-2.761144554;206
0.264345507;-2.565338339;-2.583618316;-2.643016881;-2.841512063;135
-0.387746094;-2.753918434;-2.704496015;-2.671932671;-2.758943872;144
-0.186585823;-1.837830312;-1.828137576;-1.869626214;-2.03130892;246
-0.298000525;-1.851616306;-1.821190044;-1.863634717;-2.015065361;247
0.279438788;-2.571995676;-2.579834421;-2.581810612;-2.675540981;127
-1.173925197;-2.807148313;-2.712162677;-2.689104559;-2.830510724;145
0.428539731;-2.474484336;-2.403080986;-2.389694549;-2.426227533;234
0.032014034;-2.809101008;-2.715889296;-2.706403895;-2.79727335;271
0.509672865;-2.540765274;-2.680588272;-2.656180154;-2.807336946;103
-1.15490196;-2.333425584;-2.368652943;-2.443070276;-2.674832158;200
0.102090526;-2.55772708;-2.696244905;-2.728160251;-2.806191926;141
0.304705898;-3.019186096;-2.908837257;-2.86381296;-2.911596681;98
-0.169732199;-2.53024409;-2.530543534;-2.550836135;-2.701456278;160
-0.279014256;-2.357998908;-2.432771599;-2.529687141;-2.836122451;104
0.493458051;-2.253763853;-2.323666867;-2.365291638;-2.502597173;184
-0.124649303;-2.14067439;-2.202799375;-2.27645994;-2.490151089;247
-0.097811759;-2.315967817;-2.365775924;-2.463933068;-2.698568468;186
-0.517841305;-2.54889977;-2.589808574;-2.654204532;-2.912298068;93
-0.153972325;-2.421303384;-2.468758477;-2.548846899;-2.772479902;96
-0.537108086;-2.65009975;-2.674356899;-2.702352398;-2.859169655;247
0.224274014;-2.588823736;-2.649697504;-2.654283871;-2.800816032;106
0.095866453;-2.267745719;-2.231554526;-2.248659914;-2.346578689;241
-0.460296761;-2.205607537;-2.259050462;-2.356375614;-2.61808064;169
0.384980296;-2.683351678;-2.623421401;-2.607042197;-2.66482102;159
-0.404503778;-2.406639821;-2.422765061;-2.477951376;-2.679179937;229
-0.079094396;-1.772200883;-1.727034747;-1.748124552;-1.854348802;228
-0.631713115;-2.343196475;-2.413721312;-2.507968888;-2.822820028;103
0.124178055;-2.606934844;-2.506776517;-2.459642241;-2.455851681;196
-0.576754126;-2.473601399;-2.546763786;-2.633510176;-2.950249905;94
-0.119901296;-2.520399643;-2.493640163;-2.525177459;-2.659448217;243
-0.142366015;-1.563449588;-1.528266106;-1.560885519;-1.698286594;237
0.455606113;-2.417847627;-2.530077151;-2.517187136;-2.668424117;106
-0.067272633;-2.426233791;-2.407284874;-2.445122874;-2.574602252;231
0.536242707;-2.762374337;-2.701067274;-2.716124616;-2.830174265;236
0.86332286;-3.105242666;-3.076042418;-2.993322211;-2.794759627;184
0.16181704;-3.15460178;-3.065264771;-3.035496177;-3.09213201;136
-0.634980257;-2.264329096;-2.363865099;-2.482257947;-2.797984106;113
-0.674689628;-2.252540026;-2.279602355;-2.359756347;-2.602540935;216
-0.670994214;-2.416924275;-2.447469028;-2.49888553;-2.690002966;182
0.230448921;-3.376355888;-3.474022786;-3.340933262;-3.1313109;213
0.624127332;-2.889412646;-2.925950832;-2.908516997;-2.968661432;101
-0.59744632;-2.356010808;-2.437837681;-2.546636245;-2.817235656;210
-0.08380934;-2.440807737;-2.471384841;-2.54144781;-2.788285048;186
0.265596023;-2.866305285;-2.848324688;-2.8173058;-2.870345549;108
-0.317854924;-2.659571353;-2.574103529;-2.562893114;-2.611113904;231
-0.812197361;-2.233326506;-2.240564848;-2.297719683;-2.459113934;201
-0.476904162;-2.313832951;-2.4039498;-2.531956634;-2.849127866;255
-0.508638306;-2.320535762;-2.340676251;-2.404394888;-2.620814179;174
-0.454074671;-1.867944342;-1.897392988;-2.001612659;-2.252882587;185
-0.348237553;-1.986128279;-1.948754259;-1.987876997;-2.1147136;233
-0.468201866;-1.790601832;-1.823172397;-1.925823042;-2.169153654;185
-0.666552726;-2.136892139;-2.168451108;-2.266080208;-2.501992455;232
-0.021477115;-2.531649863;-2.495518127;-2.519819805;-2.645321779;233
0.14113609;-2.596933383;-2.606932209;-2.644522427;-2.831452726;97
0.613979168;-3.035676244;-2.947531149;-2.884686108;-2.901292259;102
0.205258512;-2.812831087;-2.747487259;-2.702657794;-2.722788594;159
0.07371835;-2.45744108;-2.473290309;-2.504421669;-2.65951682;160
-0.251424383;-2.411057812;-2.459212817;-2.524012865;-2.738869462;156
0.134655142;-2.466287791;-2.445127715;-2.462532763;-2.597865398;208
-0.463441557;-2.408343708;-2.493651125;-2.595073963;-2.883188106;144
-0.038578906;-2.331830073;-2.413914674;-2.511074655;-2.785409123;179
-0.364516253;-1.700095481;-1.674370442;-1.7102804;-1.859542429;247
-0.031750606;-2.331531892;-2.367979246;-2.446767082;-2.656278945;158
0.724357804;-3.12531297;-3.135891956;-3.014592389;-2.943516695;101
-0.075462282;-2.450593669;-2.421039256;-2.434855174;-2.574738277;229
-0.455931956;-2.409246749;-2.426565921;-2.468396688;-2.624957093;226
-0.038697582;-2.503015999;-2.527698848;-2.584958507;-2.797365126;227
-0.537602002;-2.011313672;-2.005827064;-2.074384936;-2.257546604;233
0.830620742;-3.204537801;-3.161966133;-3.020652886;-2.859858528;95
-0.128719027;-2.297184284;-2.238751409;-2.245894876;-2.319819464;233
-0.244125144;-2.297839086;-2.334135263;-2.399498553;-2.614257562;142
-0.189767482;-2.36736356;-2.421634631;-2.452449636;-2.593194725;232
-0.160993585;-2.389108275;-2.462002189;-2.540042694;-2.789003942;242
-0.391473966;-2.172482562;-2.236120276;-2.293127981;-2.522953161;233
-0.4844573;-2.275608279;-2.306356313;-2.39034712;-2.625926159;228
-0.00656377;-2.511258969;-2.51901197;-2.563936472;-2.723367958;208
-0.627087997;-2.27599856;-2.374995678;-2.492691657;-2.822892524;113
-0.697344446;-2.164573573;-2.200666896;-2.292848481;-2.533283594;228
-0.261615876;-2.532811891;-2.563074111;-2.624234362;-2.863025271;146
-0.49757288;-2.458329414;-2.526616981;-2.640531832;-2.998179783;141
0.677561331;-2.456831007;-2.585705517;-2.6050908;-2.739894967;105
-0.606424797;-2.47497088;-2.509398707;-2.588621243;-2.825382919;236
0.051152522;-2.406180145;-2.272221897;-2.296317245;-2.405323869;241
-0.529442515;-2.318125788;-2.321662751;-2.415248708;-2.61619271;227
0.939519253;-3.083029417;-3.017421703;-2.926154129;-2.716870714;204
0.378397901;-2.733833005;-2.680219798;-2.659626489;-2.650267625;148
-0.179581776;-2.485409351;-2.53644428;-2.619202133;-2.853719678;144
-0.507588863;-2.409729318;-2.502971333;-2.599676534;-2.855886482;180
0.508058136;-2.735265031;-2.684517303;-2.622816914;-2.716729309;127
-0.175223538;-2.544734764;-2.504194748;-2.501807618;-2.610358933;208
-1.010995384;-2.426401041;-2.505947728;-2.585043022;-2.849426524;169
0.030802049;-2.292952143;-2.225368965;-2.243746559;-2.332524166;234
-0.112101512;-2.478392687;-2.481213067;-2.536933404;-2.722082191;247
-0.10818388;-2.683053276;-2.638113581;-2.672622264;-2.83852778;97
-0.01278077;-2.380038635;-2.396309907;-2.448371319;-2.619592827;184
-0.576754126;-2.032460167;-2.107206412;-2.231435077;-2.509975327;222
-0.101015021;-2.235324081;-2.212741771;-2.267298001;-2.386780373;212
-0.278807891;-2.476368493;-2.486907111;-2.532221465;-2.71524812;246
0.699837746;-2.300080191;-2.3139983;-2.365620885;-2.538593924;190
0.289254408;-2.424795985;-2.500496982;-2.601514166;-2.859130405;137
-0.060730414;-2.612028182;-2.646663022;-2.652706291;-2.81098298;245
1.068185862;-2.473848699;-2.428520135;-2.450375062;-2.513907878;172
0.25163822;-2.405014098;-2.391903017;-2.448367295;-2.620009943;186
-0.102372898;-2.450714538;-2.402600915;-2.430758974;-2.568240404;181
0.740362689;-3.359678596;-3.358726227;-3.240079205;-3.016236186;185
-0.331614083;-2.387668151;-2.381177353;-2.480566199;-2.645810667;96
0.370883017;-2.942791249;-2.966530807;-2.920288153;-2.972877182;99
0.311753861;-2.772023619;-3.167419562;-3.144928089;-3.082773957;145
0.232818293;-2.64457032;-2.69629454;-2.666651486;-2.717748226;239
-0.162569401;-2.552099804;-2.587449411;-2.611289011;-2.775315983;106
-1.15490196;-2.398110177;-2.455284843;-2.545144168;-2.788738456;228
-0.305833704;-2.360168304;-2.443205819;-2.539434993;-2.798938969;125
-0.214670165;-2.323774217;-2.432409418;-2.548684331;-2.848025562;151
-0.001740662;-2.410763383;-2.444595245;-2.537894276;-2.717054722;183
0.423245874;-3.359345675;-3.3855985;-3.222459362;-2.998424635;205
-0.262409834;-2.374508208;-2.389190733;-2.442466934;-2.599598623;209
0.093071306;-2.6547808;-2.608745645;-2.599702623;-2.681923094;228
-0.102647866;-2.746989293;-2.707030145;-2.78948886;-3.06406671;123
-0.5551748;-2.420678373;-2.489098184;-2.571132871;-2.842194003;94
0.106530854;-2.505581986;-2.535291274;-2.578446579;-2.713418694;215
-0.118330092;-2.083250989;-2.091763404;-2.137068479;-2.331050053;250
0.30427505;-2.420419198;-2.477690771;-2.542150033;-2.820161072;108
-0.252588192;-2.561061509;-2.526144438;-2.56285486;-2.718540279;220
-0.424812155;-2.336036881;-2.270063646;-2.314619279;-2.424509871;195
-0.904830649;-2.090506017;-2.169626607;-2.279707037;-2.550252314;168
-0.397940009;-2.263879861;-2.359058177;-2.477519772;-2.778788741;170
0.010299957;-2.098728678;-2.052828453;-2.096205724;-2.274673426;243
-0.477555766;-2.459725848;-2.46586927;-2.525531248;-2.728465063;220
-1.167491087;-2.541483922;-2.618262005;-2.653239723;-2.84594139;99
-0.698970004;-2.304905684;-2.331614177;-2.418448087;-2.641764299;172
-0.356547324;-2.312696984;-2.344236996;-2.420196632;-2.620873858;181
0.568201724;-3.464445128;-3.261305833;-3.119420761;-2.853060902;192
-0.208540943;-2.195851296;-2.176979278;-2.239544041;-2.418388789;115
-0.280254507;-2.260186843;-2.266059531;-2.318132202;-2.52484926;242
0.407220893;-2.666068118;-2.653040806;-2.653411162;-2.749050384;170
-0.078053546;-2.42926844;-2.428462824;-2.473648056;-2.606964007;179
0.238798563;-2.42168325;-2.369858528;-2.396874148;-2.484951172;196
0.117271296;-2.807959148;-2.750298397;-2.729215921;-2.796406919;264
-0.514278574;-2.753935685;-2.681222546;-2.671402488;-2.742173646;169
-0.611721137;-2.308802476;-2.406328335;-2.542658963;-2.904556205;116
0.039136399;-2.296031135;-2.272473708;-2.315127002;-2.481891064;238
-0.235823868;-2.384751064;-2.381002621;-2.410271398;-2.554638696;235
-0.086257154;-2.362293978;-2.394474091;-2.474650516;-2.706382911;171
-0.316727764;-2.326913723;-2.346452919;-2.4073257;-2.597031423;247
0.034227261;-2.238683083;-2.327858253;-2.400150974;-2.650199691;96
0.146128036;-3.142437147;-3.050018487;-2.940855176;-2.74616691;214
-0.615288257;-2.303011679;-2.390888919;-2.514385883;-2.84280685;116
-0.844663963;-2.583008538;-2.550678994;-2.622121564;-2.847360081;205
-0.627548299;-2.198315016;-2.261657682;-2.378672053;-2.646962089;185
0.230831953;-2.755910248;-2.696705427;-2.695860755;-2.783263949;233
-0.215382707;-2.316652033;-2.308969282;-2.394343888;-2.567909;96
0.196176185;-2.55700675;-2.568246993;-2.603118701;-2.818007577;141
0.146128036;-3.28149499;-3.368801859;-3.245280226;-3.00617286;215
-0.122916743;-2.022186528;-1.989911007;-2.04065652;-2.192364189;242
0.158513263;-2.262204933;-2.177973351;-2.167870047;-2.208191707;246
-0.081969663;-2.596037627;-2.616260552;-2.685329025;-2.892898957;248
-0.214670158;-2.280193818;-2.32971007;-2.430611575;-2.690443499;205
-0.124360063;-2.353967592;-2.41212399;-2.510821561;-2.77403899;166
-0.254925208;-2.228337424;-2.219289624;-2.256657322;-2.413161867;218
0.422343571;-2.836199287;-2.848837079;-2.826740578;-2.933810535;107
-0.276134036;-2.463345872;-2.540530613;-2.595081314;-2.813393104;237
0.109409791;-2.649212551;-2.683382681;-2.702180201;-2.858149042;99
0.183412212;-2.404538942;-2.474017352;-2.540670701;-2.761534616;92
-0.065627816;-2.182636621;-2.131106281;-2.15368782;-2.279276976;250
-0.042153366;-2.438453573;-2.424076557;-2.453770956;-2.582322253;153
0.123688342;-2.633057508;-2.646922022;-2.661369226;-2.780342661;155
-0.652669985;-2.6168957;-2.48727359;-2.454349049;-2.495220551;251
0.104316365;-2.697176386;-2.683033599;-2.703172747;-2.852866806;235
-0.81168474;-2.37309193;-2.42381719;-2.488240397;-2.691883343;183
0.25995206;-2.716119194;-2.708888783;-2.727919481;-2.849600657;169
0.090963077;-2.406694767;-2.442368302;-2.509601967;-2.701325698;180
-0.66756154;-2.343831818;-2.271920763;-2.336107688;-2.511040421;208
-0.416234632;-2.760197681;-2.631155679;-2.693379637;-2.943266996;117
-0.170374647;-2.699047316;-2.680644267;-2.687310977;-2.808195043;129
0.549775472;-2.718148838;-2.587079697;-2.590081241;-2.665446533;117
-0.30980392;-2.437702257;-2.410164737;-2.436727331;-2.555171526;156
-0.299296283;-1.823103206;-1.81921349;-1.861067384;-1.992497382;241
-0.40560745;-2.421231896;-2.473891891;-2.531127993;-2.709163686;227
-0.523603173;-2.382019198;-2.423211223;-2.510176187;-2.751582116;227
-0.180620601;-2.904384723;-2.829994829;-2.827830704;-2.930175082;239
-0.372890289;-2.506522431;-2.530007538;-2.551944527;-2.701399499;156
0.247973266;-2.730841407;-2.662550723;-2.665501414;-2.800716661;148
-0.19739729;-2.424899716;-2.344039394;-2.336960252;-2.402840994;265
-0.638272164;-2.550729927;-2.576021361;-2.628868754;-2.818389622;144
-0.768275617;-2.348296915;-2.42169231;-2.540107457;-2.833114811;179
0.311753861;-2.790062424;-2.787524737;-2.773467628;-2.841974217;92
-0.102785409;-1.937069104;-1.932256862;-1.997201409;-2.198941393;255
-0.27572413;-2.499339458;-2.560770444;-2.643836797;-2.874736099;221
0.118430077;-3.059319689;-2.917819833;-2.870932677;-2.914498927;92
-0.632644079;-2.317864224;-2.379782197;-2.502070966;-2.816383429;97
-0.020110333;-2.770133423;-2.726697027;-2.737395866;-2.88515192;157
-0.049878652;-2.883197398;-2.808009108;-2.807815441;-2.904912283;260
0.325977792;-2.921723027;-2.632910702;-2.576527533;-2.550566498;241
-0.215382707;-2.517980129;-2.509186984;-2.555432335;-2.711395344;223
0.095692283;-2.641546976;-2.618297169;-2.642860373;-2.782667427;253
0.714078165;-2.570647649;-2.689166122;-2.557458149;-2.470909874;155
-0.262807357;-2.529074659;-2.492720018;-2.517634295;-2.636325231;205
0.492271358;-2.4883063;-2.61964456;-2.622353224;-2.770140586;107
-0.162411562;-2.356223697;-2.358637353;-2.455182142;-2.716864151;159
-0.140111496;-1.98636929;-1.954808816;-2.001000594;-2.156630163;252
0.176380692;-2.77272688;-2.734729001;-2.746286027;-2.88022795;101
-1.167491087;-2.346039793;-2.346208138;-2.401922562;-2.587956979;201
-0.633577043;-2.304307882;-2.415454057;-2.544523967;-2.847815042;210
0.041392685;-3.341694719;-3.312474606;-3.28246846;-3.092930619;199
-0.179798541;-2.438233248;-2.432104268;-2.466515067;-2.628425141;255
-1.71219827;-2.333053178;-2.385048817;-2.466778337;-2.678469297;201
0.401228167;-2.077601657;-2.033227942;-2.065826482;-2.217791903;241
0.645225712;-2.739636635;-2.683525369;-2.639113432;-2.583310242;163
0.134495856;-2.70672365;-2.678122485;-2.716685878;-2.894853071;154
0.427486109;-2.537407512;-2.533109554;-2.493330751;-2.490978494;139
-0.672641066;-2.288299966;-2.369169445;-2.47953363;-2.771634294;120
-0.333482019;-2.562003671;-2.537090734;-2.549370973;-2.691180633;143
-0.342466112;-2.485796765;-2.517285877;-2.555515664;-2.721784343;227
-0.632644079;-2.43524188;-2.444649526;-2.527302338;-2.810803152;196
-0.276955008;-2.376868916;-2.340065269;-2.383065123;-2.536307788;231
-0.377526929;-2.588610464;-2.6352967;-2.688746819;-2.894683673;252
-0.471726223;-2.544504186;-2.556021916;-2.638538676;-2.853450283;178
0.074011446;-2.52230065;-2.438448329;-2.430136702;-2.496784219;249
-0.238448011;-2.333396667;-2.302088618;-2.330400502;-2.486291631;146
0.71349055;-2.654870053;-2.605079954;-2.615892032;-2.682731232;188
-0.300162274;-2.609224163;-2.681685139;-2.752169804;-2.988934765;147
-0.304518324;-2.445404369;-2.505809912;-2.595645982;-2.825743306;210
-0.496209317;-2.238039703;-2.313718639;-2.451382867;-2.747728439;185
-0.188424994;-2.633726877;-2.665882555;-2.694903907;-2.920003769;248
0.130333768;-3.415383863;-3.485788391;-3.32542726;-3.112881412;221
-0.117760152;-2.279819851;-2.300063464;-2.364760814;-2.574964755;220
-0.958607315;-2.276578892;-2.33080152;-2.435440215;-2.6589582;189
-1.107905397;-2.299160652;-2.356979859;-2.497537919;-2.81499304;197
0.415474168;-2.884515302;-2.801590641;-2.715376866;-2.647686827;159
0.431363764;-3.431425178;-3.458997702;-3.299940416;-3.115122541;216
-0.262409834;-2.246088243;-2.266028118;-2.352307168;-2.602626681;250
-0.255707017;-2.597420194;-2.546863674;-2.596971154;-2.797262457;158
0.546851002;-2.890607764;-2.886755421;-2.834866414;-2.838309542;103
-0.425968732;-2.363848637;-2.407218318;-2.497248237;-2.715951388;140
0.301029996;-3.016653862;-2.916344043;-2.834839691;-2.60826871;275
-0.52651303;-2.493358748;-2.574073396;-2.656725753;-2.913561505;126
-0.329754147;-1.987933763;-2.004592672;-2.046673659;-2.231972189;230
-0.242224509;-2.355414012;-2.428076752;-2.528819958;-2.786837261;173
0.095169351;-2.383648543;-2.39425474;-2.44932547;-2.636692321;156
-0.308476478;-2.40552745;-2.48896347;-2.589429928;-2.900043611;137
-0.372890289;-2.455738676;-2.495257364;-2.588575939;-2.848687467;254
0.304167272;-2.479385478;-2.48830884;-2.541280134;-2.7292108;239
-0.417936637;-2.441559647;-2.422326937;-2.478474364;-2.66449095;206
-0.465973894;-2.300782518;-2.404184898;-2.526827003;-2.799781987;177
-0.383261993;-2.444203143;-2.485310693;-2.57438509;-2.810375236;173
0.232869105;-2.739516943;-2.653328269;-2.594335251;-2.599152503;155
-0.002176919;-2.452449143;-2.51329826;-2.571074958;-2.74192714;157
-0.254925208;-2.088252418;-2.065109396;-2.105128075;-2.247130551;230
-0.023650021;-2.680621993;-2.641711195;-2.630558702;-2.679553137;155
0.34869419;-2.995992205;-2.86920066;-2.795755176;-2.806495838;92
0.079181246;-3.445770162;-3.328273761;-3.147080445;-2.966196805;132
0.181271772;-2.301624604;-2.363158293;-2.395571215;-2.605775332;143
0.024690862;-2.21121599;-2.18287212;-2.204793418;-2.32508414;239
-0.744727471;-2.289384794;-2.355068505;-2.460555284;-2.732659282;189
-0.089909454;-2.692812785;-2.624271841;-2.637497545;-2.720276492;208
-0.364516253;-2.422361966;-2.449983585;-2.51071893;-2.722893896;229
-0.163043263;-2.338704518;-2.430985732;-2.531426866;-2.836137638;226
0.82811185;-3.201334855;-3.073948896;-2.90108298;-2.804576119;96
0.056333035;-2.488338119;-2.555631947;-2.612848033;-2.856345477;98
-0.537602002;-2.307714503;-2.355657537;-2.459386887;-2.727919017;205
-0.387216143;-2.315967817;-2.365775924;-2.463933068;-2.698568468;186
-0.268814292;-2.771379726;-2.715853625;-2.746249708;-2.882171441;259
0.62205852;-2.672920535;-2.63441562;-2.626063278;-2.679668607;103
-0.60119227;-2.294438604;-2.338845594;-2.416846472;-2.638222129;216
0.244029589;-2.611782777;-2.574195571;-2.565201715;-2.578340309;169
-0.156767222;-2.498443981;-2.568576243;-2.638908021;-2.896961927;132
-0.431504933;-2.66980018;-2.653413899;-2.655009559;-2.779151104;180
-0.739928612;-2.3982338;-2.433372803;-2.511545177;-2.748753673;197
0.380211242;-3.158570447;-3.183003486;-3.099280662;-2.912746514;215
0.010384771;-2.523192129;-2.474127452;-2.495214439;-2.619674409;242
-0.117475462;-2.572183265;-2.568251975;-2.580784669;-2.784863367;166
-0.029955757;-2.247086899;-2.233640625;-2.275678819;-2.434269622;242
-1.031517051;-2.325511245;-2.39563331;-2.524980742;-2.82545875;246
0.034026524;-2.373865638;-2.391490333;-2.508100394;-2.779773674;167
-0.005682847;-2.483972194;-2.487331343;-2.525421586;-2.665382012;220
-0.238072162;-2.604710834;-2.54699526;-2.54809695;-2.624104763;241
0.568670978;-2.739638543;-2.700654639;-2.574792438;-2.49588229;160
-0.995678626;-2.458399042;-2.451609353;-2.597373104;-2.926946244;237
-0.102647866;-2.574868961;-2.553117368;-2.598174679;-2.791952267;250
0.812177774;-2.95803403;-2.975097068;-2.890994817;-2.920409263;103
-0.475928584;-2.248276972;-2.326554411;-2.433786489;-2.683010155;230
-0.203772686;-2.405787946;-2.390788088;-2.431440776;-2.578428153;234
-0.224025669;-2.151966456;-2.229745812;-2.254400623;-2.414828144;256
-0.721246399;-2.454421751;-2.475955351;-2.604846835;-2.927905682;125
-0.14691047;-2.407889225;-2.395530184;-2.45232336;-2.612090222;239
-0.69572495;-2.345300213;-2.390098385;-2.47939242;-2.710344838;232
-1.096910013;-2.112537037;-2.278542073;-2.467733553;-2.822530453;137
-0.03574037;-2.584729429;-2.580585392;-2.609004167;-2.762619656;169
-0.135429593;-2.132266537;-2.030732808;-2.00723173;-1.993712676;186
-0.46133831;-2.19861207;-2.193385881;-2.24750419;-2.409481834;208
-0.469800302;-2.371949543;-2.47302887;-2.591342566;-2.920173221;138
0.247113642;-2.477040527;-2.430902792;-2.441689075;-2.506372029;234
-0.133712661;-2.469429324;-2.465170558;-2.516530385;-2.71093796;132
-0.202040356;-2.359983915;-2.445997741;-2.549431141;-2.827404949;161
0.12264177;-2.727519499;-2.731758175;-2.745104771;-2.881974152;143
0.012204296;-2.748633633;-2.745317329;-2.732118018;-2.842367978;104
0.393224116;-2.728787996;-2.685091722;-2.625039323;-2.612883652;167
0.264345507;-2.565338339;-2.583618316;-2.643016881;-2.841512063;135
-0.074687909;-2.947059169;-2.934605918;-2.889009173;-3.065070498;276
-0.459357746;-2.255033952;-2.313598814;-2.439197356;-2.712607013;185
-0.617982957;-2.411917407;-2.490925903;-2.59178158;-2.855605151;211
-0.244125144;-2.393366624;-2.399446363;-2.477331243;-2.72372804;138
0.679881942;-2.87853602;-2.801572215;-2.791985354;-2.850137315;108
-0.096774317;-2.620116774;-2.697259218;-2.7267924;-2.928644249;111
-0.68613278;-2.031416055;-2.194800398;-2.261884151;-2.52715363;227
0.060320029;-2.459169561;-2.473210376;-2.543436302;-2.767381458;154
-0.107071018;-1.690211301;-1.655584086;-1.690173614;-1.814384053;241
0.169968174;-2.627569116;-2.634721538;-2.632959943;-2.74265051;252
0.991292544;-3.123897101;-3.097660905;-3.030210066;-2.971449487;123
-0.107905397;-2.533782826;-2.567044652;-2.615647303;-2.82134501;92
-0.472463116;-2.592504571;-2.592959562;-2.568597312;-2.753027745;276
0.049218023;-2.837810611;-2.740862394;-2.707338629;-2.756576717;132
0.079181246;-2.528524193;-2.495581881;-2.552936593;-2.709679071;179
-0.465973894;-2.393433884;-2.454242367;-2.550980823;-2.768878443;155
-0.064996849;-2.603885776;-2.591859119;-2.591990136;-2.719996517;133
-0.127261173;-1.90454247;-1.993931423;-2.004234186;-2.174177485;247
-0.171984936;-2.60889421;-2.61827625;-2.644042066;-2.769041465;249
-0.93930216;-2.326100973;-2.432292126;-2.55380391;-2.841382736;224
-0.017955021;-2.326487355;-2.49531252;-2.58570468;-2.901010706;102
-0.823908741;-2.315418795;-2.365467817;-2.463070798;-2.718098684;189
-0.403402904;-2.292265589;-2.379333742;-2.490603769;-2.772733829;214
-0.144783805;-2.462150568;-2.485411742;-2.515272342;-2.653371277;226
-0.116906641;-2.9625739;-2.803791196;-2.830340846;-2.968896659;173
-0.337242168;-2.284452069;-2.170801629;-2.133972311;-2.112889072;206
-0.795880017;-2.313865336;-2.363035744;-2.453004525;-2.683053694;189
0.060055365;-2.406694767;-2.442368302;-2.509601967;-2.701325698;180
0.327358934;-2.643895709;-2.620790781;-2.602572066;-2.645411604;149
-0.171018046;-2.281201631;-2.275093796;-2.307515908;-2.495437667;244
-0.107348966;-2.231139851;-2.305807182;-2.387827764;-2.63758916;152
0.180412633;-2.553241393;-2.495304776;-2.503854311;-2.637466446;151
-0.255315937;-2.335405311;-2.435457852;-2.485684464;-2.700708922;126
0.081980285;-2.458800056;-2.490096718;-2.530344373;-2.703144683;242
-0.2915791;-2.347423566;-2.366109978;-2.419154595;-2.58101995;214
-0.457174573;-2.218880956;-2.253347589;-2.325395564;-2.519174135;186
-0.629857153;-2.451146927;-2.512689073;-2.59904829;-2.819767429;180
-0.505845406;-2.448654807;-2.485598099;-2.561645491;-2.816817594;94
0.430397591;-2.96158253;-2.876985427;-2.843633812;-2.909279675;101
-0.268209846;-2.11144531;-2.129538739;-2.204259813;-2.454758837;254
0.554731377;-2.905418827;-2.776997301;-2.759928739;-2.791488506;143
-0.170535407;-2.352324762;-2.357844245;-2.410602717;-2.582185657;258
-0.412289035;-2.113048997;-2.107143656;-2.154690944;-2.311341471;228
-0.302770657;-2.061954305;-1.991958085;-2.049809872;-2.218051353;240
-1.657577319;-2.329017955;-2.301577552;-2.331069879;-2.456488457;226
0.37816161;-2.841257968;-2.923856021;-2.892393917;-2.93809386;94
-0.249877473;-2.326279622;-2.34196875;-2.381764412;-2.553426954;251
0.289365952;-2.276566413;-2.266580427;-2.306736692;-2.421757566;176
-0.372122305;-2.28350276;-2.324443902;-2.403145702;-2.617065781;218
-0.104577454;-2.468611783;-2.518062014;-2.593462034;-2.820101371;125
-1.059568191;-2.373279612;-2.416050874;-2.510292613;-2.740877221;193
-0.678070331;-2.70557015;-2.679810494;-2.670385739;-2.788828447;213
-0.043828834;-2.465468273;-2.44791732;-2.475902339;-2.602870272;176
-0.029941509;-2.36003396;-2.429131578;-2.523328618;-2.783438265;223
0.172515363;-2.710285771;-2.603088401;-2.525065704;-2.511378505;188
-0.553183334;-2.426474545;-2.416713696;-2.46274346;-2.661112215;188
-0.576754126;-2.4554421;-2.296028388;-2.241677529;-2.155521022;217
0.278753601;-2.351490598;-2.295845192;-2.302665672;-2.40464401;171
0.502468089;-2.531216083;-2.503421526;-2.509845078;-2.650897586;207
0.506261434;-2.531216083;-2.503421526;-2.509845078;-2.650897586;207
0.070132797;-2.564368376;-2.506268353;-2.491149897;-2.615465951;173
0.1646564;-2.065446255;-2.171368456;-2.213473305;-2.346481368;176
-0.246524188;-2.624122126;-2.647191391;-2.677742861;-2.857685947;214
-1.036854648;-2.267361094;-2.345668257;-2.472281703;-2.757023998;193
-1.06200094;-2.543191394;-2.468148133;-2.446479603;-2.523840614;192
-0.64238909;-2.441841484;-2.453565553;-2.502867083;-2.690235094;212
-0.180285012;-2.463554564;-2.485539646;-2.530688101;-2.730256194;215
-0.704410911;-2.299324573;-2.320313693;-2.379922584;-2.607918;213
-0.170812054;-2.651843173;-2.690251695;-2.758849645;-2.940592229;214
0.100715087;-2.740014286;-2.671279619;-2.637599906;-2.683097656;154
-0.319211388;-2.41198065;-2.471398085;-2.56482893;-2.796351211;181
-0.424685119;-2.415275939;-2.450190484;-2.505638748;-2.710646986;212
0.023828393;-2.251270296;-2.22114793;-2.26437771;-2.382527961;191
-0.301768925;-2.383356052;-2.394241606;-2.443089912;-2.647089443;213
-0.786482243;-2.300080191;-2.3139983;-2.365620885;-2.538593924;190
-0.263069922;-2.566559011;-2.598872875;-2.645547528;-2.840681003;214
0.363143409;-2.251655888;-2.262789063;-2.314115102;-2.471286489;204
-0.613947151;-2.398676654;-2.397494;-2.438134978;-2.63049675;223
-1.380405849;-2.36726673;-2.452004144;-2.551882773;-2.836285371;216
-0.267083793;-2.189055715;-2.200469643;-2.255511746;-2.410444904;206
-0.446918367;-2.383356052;-2.394241606;-2.443089912;-2.647089443;213
-0.946921557;-2.276901844;-2.342661756;-2.436753449;-2.71075764;186
-0.344861575;-2.297425154;-2.325530635;-2.400461882;-2.59965252;174
-0.0445103;-2.624122126;-2.647191391;-2.677742861;-2.857685947;214
-1.281340565;-2.211115492;-2.234701163;-2.318251839;-2.536618466;201
-0.518629043;-2.490430835;-2.510313848;-2.562039315;-2.771711566;208
-0.191114133;-2.262045068;-2.152962766;-2.125871096;-2.089764981;217
-0.671104172;-2.290324943;-2.390274469;-2.527992294;-2.845311939;227
-0.033510971;-2.440930947;-2.461021691;-2.515896848;-2.709307986;215
-0.493535558;-2.383356052;-2.394241606;-2.443089912;-2.647089443;213
-0.13130855;-2.449239443;-2.468126182;-2.529357281;-2.739179266;215
-0.407712184;-2.346085558;-2.374991147;-2.478781867;-2.682083682;205
-1.048560478;-2.397619618;-2.401790655;-2.465061945;-2.677817932;193
-0.11798234;-2.268588131;-2.223746559;-2.253065946;-2.338582522;207
-0.921180817;-2.296099145;-2.398499306;-2.561472207;-2.909565584;196
-0.208976389;-2.614846486;-2.540348069;-2.513737178;-2.592851212;187
0.131714878;-2.339516357;-2.364689;-2.442527086;-2.685990287;188
-0.126231962;-2.36003396;-2.429131578;-2.523328618;-2.783438265;223
1.270189543;-2.696733727;-2.583613321;-2.5477033;-2.437686195;173
0.084075568;-2.536362589;-2.4859071;-2.486186653;-2.625032546;187
-0.601955773;-2.623982329;-2.525356064;-2.499528872;-2.542447959;193
-1.11541419;-2.267361094;-2.345668257;-2.472281703;-2.757023998;193
0.022428371;-2.305368656;-2.165447248;-2.12515617;-2.127521361;268
0.347934679;-2.531216083;-2.503421526;-2.509845078;-2.650897586;207
-0.04551146;-2.315328301;-2.308393603;-2.362773829;-2.550486272;191
0.079110064;-2.346832366;-2.312348615;-2.344382088;-2.468132053;219
-0.310611217;-2.455391038;-2.475865832;-2.523926223;-2.736664847;211
-0.727045055;-2.315110493;-2.347688471;-2.431846755;-2.681250062;188
0.484228638;-2.582742767;-2.458333282;-2.357651439;-2.294261465;192
0.198464635;-2.728372807;-2.691817977;-2.690947573;-2.822914477;181
-0.132385219;-2.377875851;-2.409474698;-2.494583284;-2.719945466;251
0;-2.581459084;-2.529405774;-2.542836418;-2.590264974;199
0.286680969;-2.119072478;-2.140296647;-2.160353358;-2.239636256;239
-0.219322726;-2.079948819;-1.965443491;-1.929935855;-1.978497253;250
0.049218023;-2.315308463;-2.325663267;-2.354530767;-2.497764394;239
-0.355561411;-2.477407636;-2.518197758;-2.586771171;-2.820198102;250
-0.43062609;-1.846702788;-1.794439087;-1.841128445;-2.001668896;234
0.144574208;-2.620017004;-2.612511757;-2.60120666;-2.675737716;208
-0.384576047;-2.41360851;-2.370542081;-2.40101744;-2.547313069;228
-0.469160221;-2.316934131;-2.353585392;-2.402697611;-2.632838343;238
-0.179142011;-2.535282932;-2.518793646;-2.57599862;-2.773984272;143
-0.026179676;-2.285570984;-2.243334458;-2.279053889;-2.421547611;240
0.114110357;-2.328624596;-2.295139743;-2.318600093;-2.427286468;239
-0.192126868;-1.684692028;-1.655440526;-1.698014609;-1.836320614;237
-0.415668776;-2.111014972;-2.192812479;-2.30111947;-2.549031053;212
0.433577838;-2.596142662;-2.64063472;-2.65677639;-2.792805265;157
-0.180897163;-2.438233248;-2.432104268;-2.466515067;-2.628425141;255
-0.838631998;-2.503706769;-2.513233834;-2.667758532;-3.032369665;144
0.190947679;-2.288417988;-2.345178947;-2.427673698;-2.651539559;220
0.28510703;-2.938351906;-2.833577583;-2.739810748;-2.684433085;142
0.078456818;-2.810248963;-2.787063285;-2.724958522;-2.773458348;235
-0.56863622;-2.280176433;-2.338881889;-2.40292731;-2.590095436;196
0.527307604;-2.705965196;-2.610881957;-2.562652853;-2.556891665;132
-0.225118234;-2.646272985;-2.60470157;-2.625397909;-2.775560695;243
-0.501689446;-2.499793586;-2.5434319;-2.620015736;-2.845057739;252
-0.141763665;-2.481411578;-2.536764622;-2.596961024;-2.845401675;127
-0.26760624;-2.506958877;-2.53663804;-2.557627171;-2.704671993;241
0.385784959;-2.597132061;-2.597006696;-2.594808224;-2.666008938;192
0.20709554;-2.703270109;-2.610938159;-2.615866926;-2.72624614;128
0.234517284;-2.089627388;-2.163844;-2.194481879;-2.328392247;196
0.165985823;-2.652297335;-2.644359056;-2.663024023;-2.821629475;129
-0.011664044;-2.443912649;-2.424438661;-2.461331777;-2.611207392;240
0.411198674;-2.984970283;-2.906047679;-2.8614327;-2.905686126;101
0.238798563;-2.42168325;-2.369858528;-2.396874148;-2.484951172;196
-0.772113295;-2.2220737;-2.325117007;-2.466263012;-2.789672917;178
-0.088842391;-2.584493966;-2.560492044;-2.569336175;-2.698181391;160
-0.424812155;-2.268885027;-2.384971988;-2.538496521;-2.898648919;104
-0.263603498;-2.44865078;-2.503961708;-2.554334782;-2.742037667;227
0.048441804;-2.625063317;-2.612577603;-2.598632377;-2.674005973;198
0.208038049;-2.937378912;-2.844611729;-2.829196342;-2.928762183;94
-0.024338467;-2.576829028;-2.539726698;-2.546841032;-2.637548817;231
-0.709965389;-2.297508718;-2.354911834;-2.455830219;-2.701911431;189
-0.54668166;-2.077068288;-2.084270849;-2.172779136;-2.37770037;232
-0.461866313;-2.117888722;-2.116840479;-2.186551655;-2.382117176;253
-0.180456064;-2.599054845;-2.634125066;-2.681128961;-2.918617763;144
-0.164943898;-1.945129585;-1.904015986;-1.948715742;-2.114401284;241
-0.080398976;-2.412084841;-2.391967267;-2.426922215;-2.548451801;219
0.447158031;-3.497590635;-3.476262635;-3.303953932;-3.08818319;242
-0.268411235;-2.445635271;-2.448539267;-2.50540674;-2.695099714;165
-0.742321425;-2.386025585;-2.47358098;-2.59468199;-2.875146719;245
-0.471726223;-1.842626472;-1.778303471;-1.789556294;-1.863329554;245
-0.555955204;-2.95208993;-2.825393087;-2.856627289;-3.048098362;139
0.121461354;-2.506743179;-2.488584459;-2.51257172;-2.641325958;180
-0.471726223;-2.208142611;-2.24264186;-2.316390635;-2.530875624;216
1.273579946;-2.955859049;-2.803546629;-2.655219982;-2.573961026;156
-0.384576047;-2.33212202;-2.420207032;-2.540864093;-2.859457077;140
-0.933674075;-2.406512011;-2.480023374;-2.574428612;-2.81185733;211
-0.619788758;-2.322832582;-2.301770056;-2.354647302;-2.532350613;179
0.116508124;-2.680027674;-2.643919046;-2.628036383;-2.730633947;243
0.401486702;-2.447502007;-2.621681333;-2.63622411;-2.813855124;107
0.190051418;-2.566319114;-2.560519513;-2.612923905;-2.767564517;164
0.302330929;-2.437569849;-2.401146815;-2.41278511;-2.546580438;169
-0.397940009;-2.52779181;-2.523985143;-2.588228991;-2.821159115;229
-0.70333481;-2.31868313;-2.402049686;-2.541162044;-2.883878287;100
0.116939647;-2.404023014;-2.521707875;-2.557752021;-2.738977547;136
-0.954677021;-2.329819296;-2.400469198;-2.471214636;-2.737322329;149
0.138302698;-2.510520211;-2.516184562;-2.53652255;-2.670177798;137
-0.42136079;-2.377961181;-2.404786933;-2.481754221;-2.697675999;216
-0.260032303;-2.415184084;-2.448484131;-2.521841875;-2.763599296;96
0.352796119;-2.379293176;-2.300752744;-2.277758106;-2.254104574;169
-0.982966661;-2.072592421;-2.177456392;-2.344630355;-2.693047919;227
-0.736363931;-2.426998709;-2.411174095;-2.474435647;-2.631967256;179
-0.290730039;-2.275974946;-2.365486456;-2.474556473;-2.789832158;162
-0.274635662;-2.354155825;-2.311263205;-2.332937621;-2.426761957;208
0.345079526;-2.591511744;-2.586303851;-2.562845495;-2.666813784;103
-0.13076828;-2.574156797;-2.530260287;-2.569385477;-2.719818321;121
-0.723538196;-2.483318167;-2.490633068;-2.523903586;-2.693718045;175
-0.203078925;-2.248597017;-2.146542724;-2.146536395;-2.196906929;233
-0.068542129;-2.389367407;-2.441822265;-2.510953794;-2.702126828;247
-0.266802735;-2.607837188;-2.614738618;-2.675408503;-2.899821138;246
-0.916318253;-2.388891404;-2.437220404;-2.491507181;-2.686528674;183
-0.417368561;-2.669675733;-2.646182405;-2.684467317;-2.851909979;178
-0.057991947;-2.181034258;-2.150080483;-2.174841552;-2.27328151;237
-1.214670165;-2.244510847;-2.327601751;-2.450846356;-2.742776113;229
-0.356547324;-2.312696984;-2.344236996;-2.420196632;-2.620873858;181
-0.360015752;-2.499385672;-2.511985715;-2.612220196;-2.864287722;139
0.056142262;-2.146287494;-2.103905315;-2.136110785;-2.251446389;234
-0.943095149;-2.306103762;-2.353934233;-2.431781961;-2.676363085;211
0.552059534;-2.469484368;-2.527631811;-2.542152152;-2.70331814;156
-0.14327111;-2.540917963;-2.518336124;-2.579212788;-2.775277412;233
0.552120441;-2.984125349;-2.86127837;-2.782669797;-2.773998983;101
-0.152273144;-2.534586808;-2.631079526;-2.645725754;-2.811900136;106
0.027838678;-2.267675089;-2.147244573;-2.119373252;-2.10362686;186
-0.060605563;-1.602777691;-1.571877409;-1.605253887;-1.75798561;237
-0.808269607;-2.318167349;-2.431975551;-2.618529503;-3.003133857;136
-0.163992541;-2.525127689;-2.602660427;-2.638595928;-2.914188367;130
-0.324221658;-2.483168983;-2.43188303;-2.398338874;-2.407362979;233
0.393890939;-2.731105081;-2.596617779;-2.560813886;-2.590228965;251
-0.48945499;-2.450673836;-2.516813951;-2.580780368;-2.817219405;162
-0.638272164;-2.482280097;-2.531364565;-2.606228663;-2.859702242;94
-0.60292945;-2.492351479;-2.576507386;-2.642795687;-2.892272239;135
0.397940009;-2.212153862;-2.512325241;-2.531471899;-2.686462842;288
-0.656591406;-2.425772591;-2.499653593;-2.60431461;-2.913354412;247
-0.114356128;-2.077444453;-2.059737393;-2.105545528;-2.216696204;211
-0.071220213;-2.63510527;-2.663150977;-2.684473617;-2.843658657;244
0.15896526;-2.414538142;-2.337245567;-2.329942011;-2.363697094;234
-0.602059991;-2.337156545;-2.404431475;-2.494812701;-2.753879745;249
-0.235823868;-2.669114441;-2.708799704;-2.785275334;-3.062800674;238
-0.124649303;-2.644795295;-2.548605374;-2.533604134;-2.600658615;254
-0.57105571;-2.250208744;-2.349668382;-2.466112967;-2.79727335;112
0.112102055;-2.748682083;-2.713806792;-2.700634366;-2.820645869;157
-0.292429824;-1.774894471;-1.779664699;-1.852803365;-2.061280935;185
0.061452479;-2.818775437;-2.710385856;-2.656377365;-2.667439349;206
-0.681936665;-2.400842522;-2.446245825;-2.53329427;-2.75733635;215
-0.363010898;-2.451871606;-2.520252992;-2.609252068;-2.834398114;254
0.438542349;-2.806561209;-2.82984922;-2.794559329;-2.862664248;99
-0.359021943;-2.388952338;-2.423137924;-2.502678004;-2.750988368;250
-0.204119983;-2.698130023;-2.607312366;-2.663308571;-2.856223509;207
-0.440093375;-2.65721089;-2.572352927;-2.615740338;-2.771460289;208
0.268414145;-2.900847531;-2.91923971;-2.864300114;-2.913166975;94
-0.527243551;-2.706433275;-2.641811317;-2.802918574;-3.125506586;130
-0.532391894;-2.419933633;-2.528651952;-2.629234586;-2.95732567;98
-0.050366076;-2.559252235;-2.571506575;-2.614217542;-2.820542431;98
-0.241466578;-2.476311009;-2.582925748;-2.687330426;-3.00408677;132
-0.982966661;-2.312686188;-2.425211751;-2.56016776;-2.888662197;228
-0.657577319;-2.31534419;-2.356828423;-2.449908318;-2.679991505;205
-0.896196279;-2.345470003;-2.373762212;-2.511033519;-2.852122185;172
-0.194669087;-2.411242044;-2.476264846;-2.562104908;-2.788446982;180
0.37794338;-2.640901167;-2.58187926;-2.569060926;-2.633574241;161
-0.028956208;-2.528414799;-2.525904422;-2.581187802;-2.7617629;243
-0.564633493;-2.366275689;-2.462640493;-2.563268847;-2.867258242;140
-0.253042045;-2.514621035;-2.584091088;-2.684655321;-3.024829306;120
0.493597449;-2.801709194;-2.711241638;-2.629301537;-2.596564601;127
-0.960585881;-2.211808783;-2.243296357;-2.369187533;-2.705734213;233
-0.93930216;-2.31358576;-2.366061347;-2.471215536;-2.721718665;189
-0.308034897;-2.669657262;-2.657780103;-2.647510882;-2.747636858;158
-0.095825632;-1.987474145;-2.003490429;-2.03151537;-2.162595987;233
-0.795880017;-2.413809592;-2.399845415;-2.466201514;-2.649041213;175
-0.503762455;-2.340326483;-2.380535068;-2.482800802;-2.740414721;220
0.211254068;-2.565595265;-2.494907027;-2.474061596;-2.523813193;135
0.009323393;-2.752457561;-2.785227658;-2.813305224;-3.015535248;143
-0.437707136;-2.249311137;-2.334306745;-2.454929769;-2.744260156;191
-0.402304814;-2.386319986;-2.464111949;-2.569718171;-2.849707567;126
-0.031517051;-2.54014421;-2.516809811;-2.557206931;-2.706418696;240
-0.264002116;-2.421497746;-2.490293021;-2.6295056;-2.91874345;241
-0.247951552;-2.353783463;-2.387983616;-2.462909116;-2.660160947;215
-0.955656265;-2.480519581;-2.527986581;-2.667332132;-3.013697737;255
-0.372634143;-2.366823024;-2.397415806;-2.464856833;-2.664550525;208
-0.795880017;-2.474880138;-2.379764496;-2.387690419;-2.442637547;175
0.204119983;-2.621648438;-2.591739678;-2.603041737;-2.732095754;152
-0.279014256;-2.674388704;-2.576826733;-2.594256586;-2.719346522;172
-0.958607315;-2.292938587;-2.349422851;-2.459303595;-2.711449869;189
-0.10883623;-2.478392687;-2.481213067;-2.536933404;-2.722082191;247
-1.033748731;-2.328612008;-2.382704041;-2.452238459;-2.659232367;183
-0.478861916;-2.459291215;-2.546735797;-2.638071302;-2.923040414;98
-0.116338565;-2.933470954;-2.824144482;-2.796672785;-2.851811788;260
-0.426548178;-2.528023641;-2.5459591;-2.602242955;-2.892683166;98
0.176091259;-2.70224102;-2.646360314;-2.622012965;-2.650922858;233
0.055187139;-2.65562895;-2.646078386;-2.686900853;-2.82003967;247
0.433609843;-2.578827292;-2.531992557;-2.545840647;-2.6363899;145
0.200303183;-2.815166382;-2.639377054;-2.577925349;-2.620667283;208
0.266654963;-2.762208523;-2.74597547;-2.760395495;-2.907020189;100
0.097951071;-2.51355436;-2.564068561;-2.606721798;-2.773675708;241
0.301029996;-2.334787331;-2.353428079;-2.419412218;-2.601189496;181
0.208844289;-2.661842635;-2.643577528;-2.668622109;-2.810131423;157
0.392169149;-2.617219199;-2.444988789;-2.357446454;-2.323973705;174
0.276116989;-2.540350631;-2.502090699;-2.535263568;-2.650426437;129
-0.128427064;-2.142124432;-2.12614073;-2.173621557;-2.31533647;234
0.369494162;-2.887837561;-2.842895464;-2.80890937;-2.855464709;149
-0.119758224;-2.549607844;-2.570287438;-2.608994988;-2.808607119;148
-0.629857153;-2.213442279;-2.307893069;-2.382253921;-2.645219309;168
-0.096910013;-2.335971264;-2.362725069;-2.421611814;-2.589658629;196
0.400537989;-2.536310177;-2.598840801;-2.559452508;-2.593189449;165
0.079181246;-3.485124326;-3.538926371;-3.354611139;-3.171225424;233
-0.331381155;-2.558829161;-2.548201441;-2.607600121;-2.840271931;251
-0.104577454;-2.329925393;-2.387351537;-2.473778877;-2.693901513;170
-0.310691141;-2.305994366;-2.362452535;-2.430237155;-2.649352576;239
0.311753861;-3.37189013;-3.457807187;-3.293652678;-3.103259995;214
-0.474955193;-2.611405788;-2.645876572;-2.713804994;-2.939512182;247
-0.339134522;-2.391333966;-2.444518005;-2.490354938;-2.676551738;191
0.69565676;-3.12746789;-3.038828638;-2.909635768;-2.847391864;96
-0.3650192;-2.31488849;-2.306487526;-2.361529513;-2.541819496;228
-0.133417323;-2.418161232;-2.402271256;-2.440155832;-2.57906069;216
-0.63311031;-2.271993955;-2.417654097;-2.528983919;-2.868364657;112
-0.228045251;-2.148740795;-2.179616714;-2.244327557;-2.438451785;218
0.171287551;-2.754590489;-2.672699929;-2.657207339;-2.684564355;233
0.706632451;-2.951780062;-2.955123674;-2.855614495;-2.806583743;151
-0.297569464;-2.406521977;-2.452414925;-2.516174441;-2.697258353;174
-0.099359816;-2.496285836;-2.498096808;-2.604547968;-2.900547613;237
0.173623258;-2.796266983;-2.839644634;-2.817429577;-2.987962951;277
0.288137395;-2.801455074;-2.85383288;-2.870568893;-3.044675997;100
-0.251811973;-2.616471507;-2.627364304;-2.690485873;-2.903822999;127
-0.54668166;-2.498936902;-2.500270452;-2.553171071;-2.763516903;229
-0.161780778;-2.244285863;-2.274983839;-2.31840116;-2.430669288;257
-0.264800452;-2.395456876;-2.445808588;-2.528644763;-2.773957432;170
-0.452840879;-2.725789715;-2.698157115;-2.729893925;-2.902373818;239
-0.152427341;-2.638297089;-2.6321426;-2.714421989;-2.953806176;123
-0.324221658;-2.438527;-2.500580311;-2.57012423;-2.820486987;155
-0.473660723;-2.47833206;-2.488292263;-2.623379798;-2.937504883;161
-0.197568374;-2.526481207;-2.530891107;-2.550031734;-2.751649527;268
-0.379603655;-2.423971178;-2.47488273;-2.522096273;-2.712352987;153
0.006252051;-2.398146022;-2.442595309;-2.480908964;-2.647821149;237
0.183554534;-3.004339801;-2.833430768;-2.796502047;-2.806105768;235
-0.809668302;-2.349998145;-2.418257133;-2.521977651;-2.79609043;234
-0.121478204;-2.468885916;-2.479625742;-2.531671578;-2.730560378;154
-0.791827473;-2.267143882;-2.345285978;-2.439661568;-2.69175561;227
0.106190897;-2.643035971;-2.656662711;-2.631201377;-2.661759313;164
-0.500312917;-2.448036837;-2.472560225;-2.544787897;-2.818245852;112
0.556302501;-3.354075929;-3.324019218;-3.217448551;-2.991520766;192
0.126942718;-2.418534601;-2.440178807;-2.451757419;-2.521271937;246
-0.325598187;-2.487633571;-2.503976261;-2.559873668;-2.757024494;220
-0.866461092;-2.382591257;-2.433125722;-2.522269423;-2.771485692;197
0.62838893;-2.574747412;-2.463421484;-2.44433312;-2.348549272;175
0.196452542;-2.804829301;-2.790439146;-2.817019878;-2.879436926;169
0.908485019;-3.004528464;-2.94269837;-2.84477179;-2.650356149;160
-0.073143291;-2.433043079;-2.458069344;-2.542250379;-2.7925194;159
-0.42945706;-2.311337557;-2.389534355;-2.491690649;-2.777773752;230
0.607186857;-2.788363473;-2.780462887;-2.765528527;-2.824251969;154
-0.920818754;-2.36552011;-2.43580671;-2.56472594;-2.878278679;227
0.087958789;-2.490467109;-2.468436276;-2.495736071;-2.625818255;153
-0.66756154;-2.321656284;-2.384100216;-2.463475267;-2.741538482;226
-0.495529138;-2.58486282;-2.58621574;-2.642327142;-2.831025467;236
0.300595484;-2.585569191;-2.599772776;-2.611719893;-2.735486053;154
-0.059608044;-1.967637903;-1.972278893;-2.025268314;-2.215644004;253
-0.39631445;-2.543602838;-2.556570682;-2.606739709;-2.784780015;223
-0.129011186;-2.53540301;-2.538054653;-2.556733569;-2.609790205;230
0.008600172;-2.396214082;-2.416241653;-2.499796744;-2.701808253;178
-0.327902142;-2.401244938;-2.401526743;-2.448045367;-2.631469904;180
-0.281083314;-2.658220749;-2.636767771;-2.692180608;-2.879250741;257
-0.498940738;-2.297818565;-2.404158684;-2.513790054;-2.822939609;140
-0.400662867;-2.431487104;-2.500082363;-2.582536611;-2.80094783;172
-0.495869094;-2.293804795;-2.326780801;-2.431536839;-2.699484948;181
0.346704962;-2.767777419;-2.728978986;-2.743567789;-2.911178445;141
-0.197226275;-2.344592617;-2.32199698;-2.361473805;-2.514067722;240
-0.32330639;-2.283392155;-2.372483805;-2.504320955;-2.821791945;133
-0.090443971;-2.302925566;-2.336214014;-2.397117149;-2.571164742;219
0.382557322;-2.794950808;-2.797060458;-2.817464093;-2.975406388;100
0.933816174;-3.096121941;-2.954455236;-2.866416387;-2.81484727;103
1.016364679;-2.805117843;-2.768216526;-2.711904437;-2.606047695;158
-0.032452024;-2.627917629;-2.638632778;-2.705471831;-2.958641665;146
0.682596291;-2.802967681;-2.719231838;-2.61440016;-2.533305242;157
0.35193152;-2.572662089;-2.588145199;-2.618047295;-2.773778624;181
-1.053056729;-2.498107336;-2.5339359;-2.624495687;-2.863985974;211
0.729002709;-2.974911746;-2.930059722;-2.88917469;-2.882799656;95
-0.358525889;-1.859069056;-1.835816284;-1.886758333;-2.062036909;234
0.358030077;-2.508618973;-2.539534713;-2.547011788;-2.640768968;104
0.283188116;-2.454651559;-2.435103005;-2.434146517;-2.513950564;245
-0.206035095;-2.157667399;-2.202654127;-2.268464578;-2.482017277;157
0.033624771;-2.559981032;-2.543979414;-2.594165141;-2.756461932;246
-0.011441043;-2.546286693;-2.526253553;-2.552442446;-2.654114241;215
0.900803935;-3.027064387;-2.943943995;-2.804645909;-2.716517853;95
-0.677780726;-2.324246214;-2.337021206;-2.401726469;-2.595978009;171
-0.507239611;-2.688686589;-2.688676409;-2.760510824;-3.051818426;147
-0.082100811;-2.415714583;-2.44542835;-2.512286389;-2.748623408;162
-0.804100348;-2.471876933;-2.500307832;-2.578581181;-2.844906689;141
-0.455931956;-2.836783447;-2.967059465;-2.902760396;-3.082351675;250
0.124014879;-1.820536829;-1.735344997;-1.71798138;-1.767261902;220
0.354626977;-2.953381549;-2.993682028;-2.920789078;-2.951517022;149
-0.887730232;-2.222247035;-2.292465506;-2.420654004;-2.743956824;93
0.036229544;-2.366755819;-2.361960046;-2.401747936;-2.544852915;186
-0.314706219;-1.938615724;-1.913446418;-1.962753513;-2.128267561;246
-0.752026734;-2.405943965;-2.476185144;-2.622266769;-2.952858752;127
-0.048662481;-2.486646671;-2.444511357;-2.454019322;-2.554476592;241
0.240549251;-2.37554319;-2.356875932;-2.400346466;-2.526582523;191
0.118264726;-2.67197695;-2.686558428;-2.715445651;-2.869897917;128
-0.626168855;-2.266312203;-2.363893507;-2.485358094;-2.810530742;113
-0.132827249;-2.565439878;-2.54202157;-2.578934339;-2.744601085;152
-0.668572703;-1.454357159;-1.459800407;-1.535136054;-1.724157127;222
-0.360513511;-2.369817616;-2.414881088;-2.480159673;-2.732894947;199
-0.324680017;-2.594243448;-2.631603393;-2.658940377;-2.883075284;268
-0.366531544;-2.372875121;-2.387029437;-2.454555441;-2.654524521;254
0.343408594;-2.748157697;-2.716225377;-2.70792145;-2.776654128;157
0.525044807;-2.917854698;-2.828492942;-2.686037709;-2.49413782;277
-0.100179498;-2.590229472;-2.603462942;-2.633571813;-2.819518287;165
0.190331698;-3.357520641;-3.381533508;-3.228783775;-2.997282022;213
0.283414312;-2.73841718;-2.773311956;-2.786980307;-2.922150822;165
-0.014573526;-2.336186512;-2.280545984;-2.291597543;-2.383127973;234
0.423655393;-2.79602716;-2.802518472;-2.825847118;-2.860218169;254
-0.069942875;-2.589505023;-2.629446573;-2.661735794;-2.847699422;235
0.287241711;-2.69068268;-2.64066187;-2.665619241;-2.793619437;255
0.122707254;-2.798264313;-2.733074833;-2.714201758;-2.75663846;264
-0.793174124;-2.326819881;-2.424987525;-2.562036463;-2.873348206;162
-0.099086932;-2.341688614;-2.379884046;-2.456737885;-2.657558566;229
-0.68613278;-2.53899878;-2.605538863;-2.731716025;-2.983464714;134
-0.164626548;-2.434004452;-2.492358091;-2.540462319;-2.729922373;241
-0.649751982;-2.307348954;-2.409023486;-2.557253935;-2.930081904;92
0.332236415;-2.579216743;-2.621399899;-2.616285503;-2.8202159;134
-0.213248578;-2.395737757;-2.490592346;-2.601337579;-2.866736125;161
-0.285879892;-2.646184328;-2.691204949;-2.718291614;-2.895855133;132
-0.274088368;-2.435334291;-2.465949767;-2.517795946;-2.67861328;236
-0.093934455;-2.526813856;-2.59806261;-2.666827294;-2.876783612;146
-0.087777943;-1.824472647;-1.81024324;-1.84894328;-2.023810836;233
-1.107905397;-2.282688729;-2.347760333;-2.471615572;-2.766503596;197
0.432167269;-2.501617346;-2.555007197;-2.630414778;-2.841184751;110
0.164501561;-2.399083708;-2.326468935;-2.325772767;-2.37953538;233
0.338456494;-2.453720954;-2.377617785;-2.400086048;-2.506726999;175
0.667359546;-2.522308746;-2.523985579;-2.520863092;-2.516402434;153
0.251881455;-2.736249634;-2.647002738;-2.633648404;-2.676100551;251
-0.400116928;-2.391375138;-2.47682942;-2.558953728;-2.85655955;126
-0.732828272;-2.309727792;-2.351985903;-2.415911438;-2.639988749;226
0.433209609;-2.865528042;-2.755499479;-2.764999845;-2.837211336;120
0.523980455;-2.677223098;-2.613588259;-2.56835709;-2.56915738;159
-0.586700236;-2.310732974;-2.402551094;-2.532446647;-2.838042955;162
-0.234331445;-2.939132252;-2.754357803;-2.747236749;-2.812770128;255
0.321080365;-2.699888639;-2.751242032;-2.737752341;-2.88994052;102
1.192706807;-2.654131475;-2.539288688;-2.515644204;-2.398800111;170
-0.44551084;-2.474666192;-2.494992005;-2.572433401;-2.809575009;215
-0.010327752;-2.450094735;-2.495886371;-2.578153002;-2.792745706;168
-0.345342245;-2.676056262;-2.628287089;-2.61609904;-2.644945216;165
0.108666483;-2.468465011;-2.491467318;-2.544103289;-2.777611844;162
-0.732828272;-2.245472249;-2.357883054;-2.478738709;-2.820573173;117
-0.20481541;-2.326928105;-2.26203292;-2.273753633;-2.355770237;221
0.597640347;-2.406174391;-2.585488419;-2.52197245;-2.582632616;153
-0.608183076;-2.359524526;-2.436499692;-2.552231594;-2.857186146;255
-0.721246399;-2.365734387;-2.390145839;-2.459351867;-2.635129451;173
-0.488116639;-1.958554137;-2.029273445;-2.142565456;-2.403507258;239
0.194680813;-2.633790413;-2.57775826;-2.589055996;-2.710068295;187
-0.326058001;-2.405668454;-2.461386935;-2.537138603;-2.812271488;162
-0.688246139;-2.297261431;-2.335675401;-2.422143684;-2.645540808;189
-0.472370099;-2.396409324;-2.42071201;-2.505663514;-2.738430259;250
-0.045757491;-2.510973653;-2.510850004;-2.551384412;-2.735761071;149
-0.118330092;-2.4915853;-2.535636109;-2.610148803;-2.799483282;251
0.770852012;-3.100915249;-3.034927713;-2.91695736;-2.747547481;153
-0.129888845;-2.380202452;-2.430943206;-2.480077416;-2.652448112;169
1.298853068;-2.669494101;-2.544014217;-2.502529619;-2.373439974;172
-0.739928612;-2.282271595;-2.342496786;-2.455972781;-2.723417805;215
0.469822016;-3.215380568;-3.071383983;-2.985713472;-2.834288977;232
-0.336299075;-2.421578106;-2.473713332;-2.557829521;-2.805294222;156
0.031610415;-2.591838927;-2.561076209;-2.578511736;-2.695164931;251
0.036229544;-2.818828946;-2.817701213;-2.812510583;-2.905723526;128
-0.63921731;-2.282150325;-2.385820173;-2.526063786;-2.894100657;105
-0.519518756;-2.304713012;-2.392485466;-2.522685383;-2.855465021;116
0.72427587;-3.342512937;-3.248178367;-3.068266079;-2.896144987;257
-0.315603522;-2.531458758;-2.549855166;-2.58524987;-2.738725233;244
-0.181939143;-2.69627188;-2.712370231;-2.739447575;-2.941771047;147
-0.310691141;-2.32511967;-2.24244395;-2.27977014;-2.406909188;230
-0.215382707;-1.869345165;-1.814143244;-1.845615319;-1.980314471;233
-0.369572125;-2.665641965;-2.643342102;-2.687589897;-2.852788202;259
-0.13534062;-1.915648326;-1.875837835;-1.886914458;-2.009470728;245
-0.552841969;-2.478058561;-2.474067547;-2.509510432;-2.663352779;180
-0.018861217;-2.018022603;-2.182180804;-2.243771453;-2.42903033;212
-0.031517051;-2.751328008;-2.582199264;-2.498333698;-2.469516886;157
-0.418505458;-2.304701712;-2.382017314;-2.490989659;-2.800033759;140
-0.497914441;-2.051941315;-2.060477952;-2.138605578;-2.354062582;247
-0.289603354;-2.491947931;-2.43639517;-2.489572292;-2.660470254;220
-1.045757491;-2.297936787;-2.3653425;-2.470636643;-2.744269074;189
-0.488116639;-2.316802156;-2.405572089;-2.523637251;-2.857995562;116
-0.177831921;-2.432753718;-2.426551425;-2.48838759;-2.668959793;271
0.058691683;-2.469853215;-2.500306183;-2.551517995;-2.754228313;162
0.184691431;-2.409922809;-2.406921824;-2.441427138;-2.537710739;237
-0.282953932;-2.526407352;-2.557209751;-2.616034272;-2.81747636;244
0.335558188;-2.910316329;-2.956969563;-2.880509536;-2.991412602;103
0.32888904;-2.725225798;-2.616540111;-2.589502154;-2.617441418;247
-0.153353671;-2.43386208;-2.401841594;-2.453404163;-2.631061326;248
-1.036212173;-2.386826936;-2.451100785;-2.556581008;-2.820552199;200
-0.2915791;-2.461187696;-2.504596519;-2.572678811;-2.805007227;97
-0.01300446;-2.753187383;-2.70321397;-2.739751351;-2.926848251;148
-0.151195299;-2.743508598;-2.687528346;-2.702925055;-2.810172937;172
-0.572676214;-2.418300596;-2.508254755;-2.573832081;-2.827891477;95
-0.130768274;-2.362293978;-2.394474091;-2.474650516;-2.706382911;171
0.003675903;-2.613251944;-2.624081918;-2.596855276;-2.600531362;164
-0.564633493;-2.243714131;-2.361533007;-2.489190472;-2.833175145;112
-0.292216987;-1.835160145;-1.833707301;-1.912184982;-2.125957512;244
-0.568636236;-2.353576177;-2.445529254;-2.572438918;-2.901528642;116
-0.191114133;-2.408127022;-2.415437553;-2.472912468;-2.644024845;183
-0.488116639;-2.57165524;-2.499684333;-2.492744868;-2.574068999;185
0.007107383;-2.355932147;-2.338947948;-2.366778152;-2.533883335;248
-0.869666232;-2.318285097;-2.369781288;-2.471044498;-2.717757523;189
0.095866453;-2.297168357;-2.268795663;-2.319022948;-2.489227045;103
-0.190440285;-2.561043331;-2.563838626;-2.583577693;-2.778846156;154
-0.142969202;-2.601391519;-2.594050009;-2.638193054;-2.853560625;124
-1.494850022;-2.339080665;-2.395632122;-2.485124326;-2.782139304;202
-0.388807939;-2.432655621;-2.456844187;-2.509988397;-2.713043279;246
0.366796383;-2.953381549;-2.993682028;-2.920789078;-2.951517022;149
0.117602692;-2.35971747;-2.348382729;-2.397539231;-2.523228783;178
-0.136231176;-1.634995868;-1.608509492;-1.637791326;-1.802471372;237
-1.045757491;-2.260860821;-2.322128263;-2.430429356;-2.674508967;189
-0.032452024;-2.588713718;-2.55613849;-2.544515598;-2.63962625;155
0.176091259;-3.142612617;-3.142529999;-3.053959626;-2.772450068;216
-0.266642212;-2.356006766;-2.422666896;-2.533245192;-2.800301032;220
0.232106293;-2.503188485;-2.476718243;-2.491198478;-2.561384247;220
-0.197226275;-2.327679969;-2.363690672;-2.460205024;-2.725843075;162
-0.863279433;-2.224166819;-2.306417254;-2.422302935;-2.72899318;180
-0.54668166;-2.599644746;-2.580643264;-2.645012908;-2.853330984;259
-0.58211331;-1.747612763;-1.773785512;-1.87678371;-2.119095101;185
0.223106381;-2.458221501;-2.409003438;-2.419661204;-2.467119808;196
-0.121478204;-2.805776858;-2.81778856;-2.855314665;-3.016679134;260
-0.095961031;-2.943854685;-2.838011251;-2.828303963;-2.893985645;253
-0.283996656;-2.133526693;-2.234785196;-2.330778638;-2.598206532;162
-0.758204569;-2.221573132;-2.349521028;-2.505106621;-2.825337311;137
0.086359831;-2.481269756;-2.494263713;-2.53093048;-2.699171346;170
-0.023077149;-2.944470304;-2.886604538;-2.861372413;-2.946939236;106
-0.398483216;-2.297938857;-2.361285767;-2.484204283;-2.765528274;186
-1.22184875;-2.19404938;-2.255981374;-2.360686566;-2.712395762;184
0.173477643;-2.398277261;-2.336507605;-2.339306188;-2.389182647;234
-0.625251654;-2.256541115;-2.354682288;-2.493214323;-2.850856664;96
-0.70923105;-2.247341279;-2.301634085;-2.406407708;-2.649207903;215
-0.107905397;-1.713723528;-1.702505945;-1.740949042;-1.871825595;241
0.302222666;-2.693911815;-2.795787197;-2.810525969;-2.992972947;100
-0.204467557;-2.373871698;-2.428045215;-2.506481863;-2.714107311;219
-0.521433504;-2.241616695;-2.325868407;-2.464775525;-2.755086134;185
-0.129888845;-1.570065484;-1.511652561;-1.531358439;-1.617353147;229
-0.37934352;-2.254357872;-2.40228979;-2.560189214;-2.902699645;129
-0.759450752;-2.25176242;-2.396806786;-2.532712073;-2.812102114;103
0.944482672;-3.238817413;-3.0986534;-2.950579612;-2.729929369;176
0.353916231;-2.589216526;-2.535277123;-2.496804531;-2.493397431;233
-0.525783736;-2.35431134;-2.377840397;-2.435052386;-2.615999829;184
-1.045757491;-2.313005362;-2.367301635;-2.466068128;-2.729158887;189
-0.089375595;-2.62392624;-2.669372379;-2.71026549;-2.911308016;133
-0.432973634;-2.460720358;-2.481577403;-2.541650618;-2.782124841;153
0.799340549;-3.339929876;-3.37511897;-3.245511764;-3.004147274;206
0.319730494;-2.679544208;-2.675216029;-2.652739282;-2.677554104;234
-0.296064109;-2.36700852;-2.471800091;-2.58082619;-2.885033254;140
-0.244125144;-2.36281218;-2.437249642;-2.538913303;-2.839004752;147
-1.190440285;-2.569359697;-2.58286674;-2.739801683;-3.115160473;147
0.053654558;-2.118759809;-2.132613486;-2.158276288;-2.317314243;238
-0.052566278;-2.359238697;-2.358572594;-2.377734155;-2.519569611;156
-0.217716815;-2.440653893;-2.524324745;-2.615580273;-2.928058741;119
0.612783857;-3.256776462;-3.164696345;-3.053975362;-2.849015577;189
-0.395773947;-2.375304026;-2.420119955;-2.513686577;-2.758252107;214
-0.417936637;-2.530722297;-2.534277134;-2.599501038;-2.856621669;109
-0.084336396;-2.591544807;-2.577465148;-2.535491674;-2.569226312;188
-0.33866066;-2.386624;-2.401029031;-2.435160844;-2.600288907;231
0.024485668;-2.680671747;-2.675556618;-2.66959333;-2.836826992;244
-0.723538196;-2.30603979;-2.402054838;-2.52663757;-2.836323206;248
0.434568904;-2.382760967;-2.422228756;-2.464702841;-2.594721103;184
-0.400116928;-2.609929222;-2.575022862;-2.590558228;-2.720351532;232
-0.065501549;-2.340679772;-2.22264663;-2.206736674;-2.270060734;265
-0.924453039;-2.678231571;-2.706945207;-2.716664391;-2.81691559;135
-0.767639288;-2.603632549;-2.627740112;-2.740756708;-3.050833542;259
-0.661543506;-2.349445087;-2.437256774;-2.507386961;-2.805134757;104
0.321184027;-2.74750717;-2.771680245;-2.782929227;-2.913526271;103
-0.440093375;-2.588763753;-2.576361144;-2.690612594;-3.021742769;130
0.372175286;-2.597162291;-2.566325353;-2.536781811;-2.548601073;233
0.991226076;-3.209987323;-3.076570487;-2.903088945;-2.678816387;167
0.081887139;-2.59082832;-2.55239689;-2.557884438;-2.684292199;239
-0.32330639;-2.403643317;-2.484617929;-2.574600947;-2.842208498;122
0.429913698;-2.788466461;-2.630065553;-2.589924783;-2.543513717;170
-0.510041521;-1.824875223;-1.790919309;-1.83806156;-1.994808115;234
-0.866461092;-2.422047495;-2.455602637;-2.570743809;-2.849067423;195
-0.594312213;-2.555634132;-2.581642022;-2.62778195;-2.791472116;255
-0.587539453;-1.772665946;-1.814363999;-1.929725646;-2.188351948;247
-0.098541679;-2.440884919;-2.347063979;-2.337566027;-2.372536131;231
0.505149978;-3.560555194;-3.880021987;-3.500520494;-3.352879251;182
-0.168706256;-2.385012456;-2.450887197;-2.550097233;-2.823497803;220
-0.129742445;-2.654345588;-2.552294947;-2.581829182;-2.712370007;245
0.350151067;-2.828663856;-2.826300751;-2.822646491;-2.938645173;98
-0.395773947;-2.586122623;-2.552250335;-2.61888817;-2.8259847;214
-0.13076828;-2.56516948;-2.544841342;-2.578729983;-2.679249447;246
0.39915644;-2.556690221;-2.597165555;-2.630478945;-2.776934933;242
-0.2069084;-2.534002284;-2.563044416;-2.607203715;-2.796878957;244
-0.11662251;-2.366236627;-2.352974296;-2.355887599;-2.473887623;152
-0.010995384;-2.382471379;-2.433039313;-2.480887015;-2.675403978;259
0.421850615;-2.703412683;-2.634891814;-2.614950982;-2.703769761;148
0.002943207;-2.505852087;-2.509000603;-2.546933134;-2.702208422;253
0.042181595;-1.511004515;-1.480557413;-1.504255503;-1.608841059;246
0.175801633;-2.659588607;-2.593737516;-2.570052574;-2.603329464;233
-0.580870692;-2.35475227;-2.435447435;-2.519949055;-2.804899132;94
0.010723865;-2.690349609;-2.660678767;-2.645031319;-2.676323716;164
0.20709554;-2.746656421;-2.696682314;-2.637694936;-2.645964974;155
0.342422681;-2.759913997;-2.764969762;-2.792473614;-2.955895536;99
-0.756961951;-2.42200113;-2.511570706;-2.628182103;-2.949883298;259
0.048053173;-2.417372534;-2.437742832;-2.494109367;-2.746015881;159
0.419178939;-2.773192662;-2.760644204;-2.714113607;-2.677837167;159
-0.133122186;-2.464389581;-2.539912444;-2.553888949;-2.735877605;155
0.089021501;-2.720874893;-2.730537726;-2.747411994;-2.899333133;139
-0.643018599;-2.356791979;-2.416270305;-2.528559099;-2.805297828;205
-0.416234632;-2.384732105;-2.454456993;-2.529636117;-2.725758072;227
0.009790719;-2.662432328;-2.644831908;-2.668410961;-2.819144412;271
-0.096910013;-2.63617337;-2.653962688;-2.693558888;-2.898159824;181
0.532372134;-2.970853323;-2.878252429;-2.825515123;-2.860648997;101
-0.182104243;-2.403658279;-2.345867853;-2.351867834;-2.422996999;219
-0.311580178;-2.548814934;-2.543033659;-2.563947611;-2.703734413;193
0.199206479;-2.424189228;-2.470363071;-2.550181858;-2.783236002;170
-0.53387413;-2.435758497;-2.520283499;-2.64541122;-2.937000467;129
-0.207608311;-2.853983654;-2.756648876;-2.749997902;-2.798575562;231
-0.714442691;-2.085572584;-2.1450538;-2.245837197;-2.509712902;228
-0.281498311;-2.620221821;-2.606886535;-2.645782809;-2.800961286;252
-0.413975618;-1.749622356;-1.739004239;-1.786151004;-1.943628821;228
-0.270430274;-1.409918835;-1.382526934;-1.443180153;-1.621635372;233
-0.367542708;-2.31509865;-2.321839037;-2.383091353;-2.554024859;237
0.281487888;-2.477656592;-2.42730215;-2.43494703;-2.500837961;242
0.169145201;-2.842667766;-2.757852298;-2.720993211;-2.765137139;233
0.445448514;-2.720151758;-2.671662401;-2.643743091;-2.694994914;158
-0.080921908;-2.442110402;-2.424127526;-2.503232897;-2.680748367;179
0.377670439;-2.382094564;-2.392239255;-2.406859091;-2.474786305;219
0.80078579;-3.066679274;-3.016672816;-2.964528235;-2.96006504;103
-0.241466578;-1.806125777;-1.764824232;-1.814067694;-1.973669549;233
0.367355921;-2.449061331;-2.438154511;-2.470224042;-2.557918648;178
0.588607805;-2.93414665;-2.950415308;-2.90785681;-2.934298939;100
-0.355561411;-2.540224959;-2.592236323;-2.637277636;-2.804967589;123
-0.055024092;-2.524886054;-2.555777773;-2.603918399;-2.786471884;132
-0.324909377;-2.785174424;-2.714307698;-2.692607307;-2.770843621;143
-0.347753659;-2.451533927;-2.492120796;-2.525925415;-2.674916999;236
0.348304863;-2.539555172;-2.604634636;-2.652573182;-2.847761816;141
-0.35753548;-2.467041894;-2.457579689;-2.482175688;-2.655851275;230
-0.28777133;-2.490975938;-2.538241485;-2.606338824;-2.864533404;117
-0.738705404;-2.416924275;-2.447469028;-2.49888553;-2.690002966;182
0;-3.216835636;-3.240462085;-3.243228529;-3.070025533;211
-0.844663963;-2.491122581;-2.464076419;-2.575072487;-2.85115898;205
-0.23470407;-2.45259688;-2.463885168;-2.489482201;-2.60762106;179
0.350635608;-2.539047761;-2.568519475;-2.605296396;-2.759351924;122
0.431363764;-2.838767099;-2.709703555;-2.627830244;-2.450785653;244
-0.05527064;-2.085157136;-2.123315255;-2.161990223;-2.313325933;242
-0.00943917;-1.83017967;-1.746299684;-1.756772318;-1.871461773;243
-0.737074531;-2.243485755;-2.218490197;-2.256792857;-2.384651015;201
-0.155522824;-2.659507302;-2.612887392;-2.588896367;-2.647499116;228
-0.318306608;-2.450946564;-2.509708689;-2.560426537;-2.828937339;146
0.51851394;-3.522663099;-3.492036242;-3.367540683;-3.181140947;224
-0.221306221;-2.350150233;-2.357599194;-2.410365348;-2.609114681;245
-0.109578981;-2.129492743;-2.190951438;-2.217686718;-2.322569447;249
0.291701771;-2.48057224;-2.545521321;-2.561817101;-2.683543182;141
-0.522878731;-2.305860228;-2.337828957;-2.420077109;-2.662026878;172
-0.025028006;-2.469627387;-2.439578867;-2.464189971;-2.608013972;156
0.532244644;-2.67515374;-2.583317064;-2.545682404;-2.513867182;170
-0.504455662;-2.566616804;-2.520371576;-2.55304598;-2.726353441;197
-0.074301239;-2.236428563;-2.348744671;-2.491294579;-2.809534952;179
0.344981414;-2.450509595;-2.553164552;-2.583243364;-2.740540396;136
0.087248868;-2.473007188;-2.468413672;-2.509572202;-2.638694768;153
0.066400476;-2.194952975;-2.304196837;-2.408128022;-2.757727729;172
-0.613679426;-2.306425784;-2.223376967;-2.200353415;-2.242612931;194
0.255272505;-2.836851451;-2.893514345;-2.850147772;-2.806896839;223
0.09482038;-2.419059864;-2.407611034;-2.441491467;-2.581141777;187
-0.49757288;-2.456416526;-2.507426635;-2.569139827;-2.802913332;103
-0.392544977;-2.588347471;-2.582717677;-2.615067853;-2.734150302;236
-0.296708622;-2.336047238;-2.387351113;-2.486031028;-2.726776195;209
-0.524328812;-2.514361608;-2.436771971;-2.407817689;-2.409542493;184
-0.557520231;-2.423741024;-2.45187935;-2.525329422;-2.744550194;215
0.73363856;-2.740859285;-2.826702986;-2.715362659;-2.799052426;107
0.512550993;-2.846925438;-2.750953366;-2.751109061;-2.837126261;97
0.190331698;-2.49226027;-2.488971905;-2.528890261;-2.647173852;178
-0.351152292;-2.545828437;-2.597786952;-2.609378016;-2.841714723;104
-0.045757491;-2.338777656;-2.295231525;-2.316912778;-2.44261023;240
-0.437112619;-2.553116126;-2.615541923;-2.697739222;-2.986270227;133
0.568201724;-3.169365787;-3.197749795;-3.076493307;-2.933499646;214
0.042181595;-2.849811123;-2.803103997;-2.816577824;-2.985733224;139
-0.542875374;-2.501567999;-2.529403129;-2.608988633;-2.838966084;211
0;-3.614488459;-3.725872183;-3.540296982;-3.295548328;209
0.744996674;-3.109564449;-3.040678077;-2.892844321;-2.813721331;96
0.670987603;-3.044876766;-2.920051093;-2.849939295;-2.848867437;101
0.132579848;-2.184809238;-2.146110534;-2.160665149;-2.234958832;239
0.142389466;-2.536225824;-2.520896523;-2.526724024;-2.596150888;215
-0.66756154;-2.365734387;-2.390145839;-2.459351867;-2.635129451;173
0.232869105;-2.583040794;-2.530306672;-2.514714648;-2.58089369;180
-0.394694954;-2.422835423;-2.343377223;-2.34848755;-2.369997169;223
-0.108044617;-2.629200374;-2.696298856;-2.709372925;-2.875128801;134
-0.191789027;-2.559369207;-2.576992972;-2.579697615;-2.762326847;156
-0.242603971;-2.510670508;-2.490384758;-2.52496416;-2.684893858;218
-1.385102784;-2.244185035;-2.280901587;-2.355712701;-2.559390936;201
-0.244125144;-2.601582183;-2.67446176;-2.747197195;-3.006234095;143
0.544688022;-2.872229686;-2.810290489;-2.72913817;-2.724865855;154
0.022758194;-2.368119315;-2.272020116;-2.254419113;-2.274391255;184
0.048441804;-2.627275189;-2.65934454;-2.711612815;-2.944874443;98
0;-2.575567094;-2.43170814;-2.391826466;-2.403037591;174
0.15075644;-2.685821717;-2.6687181;-2.636948076;-2.72739058;145
-0.26520017;-2.046147421;-2.010367114;-2.042117332;-2.177136168;246
-0.029420694;-2.745190748;-2.679520744;-2.678346691;-2.766887078;104
-0.034328029;-2.549139306;-2.467604795;-2.437497892;-2.4626289;168
-0.242983765;-2.449135841;-2.486722189;-2.547056783;-2.778040693;252
-0.27572413;-3.264843603;-3.191706634;-3.036045096;-3.058243663;250
0.566790912;-2.740048895;-2.765165716;-2.726816247;-2.796986706;94
-0.658565475;-2.310345708;-2.441436378;-2.579008959;-2.885854915;131
0.533009022;-2.95976764;-2.907766543;-2.852791296;-2.908109096;101
-0.359518563;-2.601978873;-2.602310391;-2.680698812;-2.912283163;178
-0.443697487;-2.310192211;-2.367127543;-2.454262514;-2.683125711;188
-0.772113295;-2.345588848;-2.40932688;-2.522999206;-2.82134501;233
-0.774690718;-2.388765734;-2.457612697;-2.541184844;-2.783354658;233
-0.513810469;-2.155794607;-2.160711299;-2.220485614;-2.397723784;208
-0.756961951;-2.261597395;-2.319170361;-2.41654662;-2.675847235;236
-0.443697499;-2.311791058;-2.457498486;-2.534729157;-2.922938935;245
-0.386158178;-2.362525781;-2.379705462;-2.426719842;-2.602227661;221
0.111766433;-2.11182663;-2.069737982;-2.098155018;-2.200018271;228
0.522770158;-2.535466191;-2.43707531;-2.419889434;-2.381285485;190
-0.113509275;-2.555466351;-2.550844163;-2.614333323;-2.837004798;158
-0.617982957;-2.293241009;-2.371042874;-2.484200575;-2.769671676;131
-0.377785977;-2.013430596;-2.008775697;-2.082733707;-2.268143328;233
-0.494850035;-2.354681502;-2.398660449;-2.496270177;-2.726826434;189
-0.42945706;-1.573076745;-1.605973365;-1.701972868;-1.926604797;237
-0.434541805;-2.218344704;-2.236886834;-2.319308493;-2.530549133;218
-0.814372864;-2.561146242;-2.603472527;-2.663332575;-2.891647779;242
0.28171497;-2.263475937;-2.245920658;-2.283496253;-2.411589901;234
0.261381837;-2.711683243;-2.799382847;-2.826993899;-3.016867818;99
-0.372122305;-2.241006628;-2.274110981;-2.318441843;-2.503623669;214
0.431363764;-3.118608495;-2.981241267;-2.87086267;-2.711641655;252
-0.698970004;-2.434256519;-2.490040744;-2.578387025;-2.825238848;217
-0.153972325;-2.887125659;-2.853940216;-2.848810709;-2.979879967;260
-0.342466112;-2.393221502;-2.447513812;-2.535168249;-2.796391972;226
-0.42136079;-2.439646389;-2.456271831;-2.495748855;-2.655309521;226
-0.475603878;-2.463335017;-2.565034026;-2.660079138;-2.944150547;125
-0.795880017;-2.918199548;-2.852409307;-2.806008236;-2.837126261;95
0.146128036;-3.449325348;-3.556430376;-3.37835539;-3.140070122;201
-0.24814376;-2.477611981;-2.517005859;-2.591337821;-2.810717198;221
0.361538971;-2.530863532;-2.498530065;-2.519215044;-2.573221738;178
-0.431798276;-2.353632548;-2.393787333;-2.495297168;-2.750643613;205
0.024485668;-2.554093764;-2.486110696;-2.526386337;-2.710463219;103
0.096562438;-2.376223156;-2.418666342;-2.445315966;-2.597510952;234
-0.293282218;-2.194484258;-2.24313418;-2.300938369;-2.496213401;234
-0.148741651;-2.278758708;-2.262918729;-2.273008384;-2.386475297;207
0.255272505;-2.9932555;-2.85350886;-2.753882209;-2.588433153;239
-0.013900375;-2.737591393;-2.723390699;-2.6764907;-2.635682817;137
0.064457989;-2.77810296;-2.765098703;-2.766569558;-2.914343085;100
-0.029653124;-2.510021844;-2.492444597;-2.525965799;-2.66245848;205
-0.98088371;-2.343091105;-2.437144821;-2.626505403;-3.04349349;138
0.620864475;-2.980622796;-2.929986898;-2.847048792;-2.767343839;134
-0.608012211;-2.421357696;-2.447197502;-2.492747434;-2.682650706;182
-0.882728704;-2.297115673;-2.397913192;-2.531566853;-2.901728092;116
-0.22366209;-2.880016057;-2.829017016;-2.776926358;-2.856504929;110
-0.316502682;-2.540706899;-2.539752282;-2.579649933;-2.76173856;241
0.50501424;-2.716058659;-2.619117026;-2.624839179;-2.663311571;120
0.018700499;-2.575426234;-2.674212269;-2.686867696;-2.936539037;102
-0.530177984;-2.291909493;-2.374964474;-2.49032324;-2.784299795;150
0.342521373;-1.998914536;-2.088377545;-2.138883358;-2.317269968;196
0.477121255;-3.095018443;-2.985031118;-2.900689945;-2.721494246;156
0.284205068;-2.750988613;-2.761841949;-2.753123177;-2.812261341;109
-0.074687909;-2.458533463;-2.515452043;-2.581788892;-2.828565514;96
-0.629857153;-2.31820548;-2.372362692;-2.485812184;-2.778627237;140
0.46686762;-2.777789634;-2.706759021;-2.708014782;-2.77866376;177
-0.625251654;-2.341978581;-2.417797049;-2.545399785;-2.857116445;239
0.562292864;-3.460404565;-3.448817249;-3.324057684;-3.040314326;195
0.936513742;-2.594456263;-2.571590618;-2.581647326;-2.716224247;160
-0.202040356;-2.698194396;-2.680001482;-2.798580479;-3.097873042;128
0.079904468;-2.530577866;-2.583991093;-2.657874715;-2.854715936;161
0.007875744;-2.534144441;-2.482808986;-2.476798564;-2.571811085;229
-0.39631445;-1.952840479;-1.940938602;-1.988268935;-2.154531169;259
0.813113754;-3.0876929;-2.972659364;-2.880295528;-2.807941845;95
0.916453949;-2.417937319;-2.439827257;-2.489846836;-2.671721132;188
0.017033339;-2.495542323;-2.534149493;-2.58142181;-2.802826167;139
0.155578931;-2.442134322;-2.487870965;-2.565018872;-2.800309807;240
-0.061855691;-2.659514441;-2.626917073;-2.622896188;-2.784694033;157
-0.064744718;-2.559266402;-2.505486426;-2.527711437;-2.635923329;234
-0.192126868;-2.546760115;-2.65572683;-2.704355284;-2.935438317;111
0.004965887;-2.589650357;-2.672906219;-2.64993582;-2.79573184;141
0.277723789;-2.60586172;-2.579750583;-2.602352109;-2.759829302;181
-0.174249419;-2.9085272;-2.756167795;-2.726198048;-2.749900225;258
0.430397591;-2.865507012;-2.990273402;-2.9269969;-2.917931628;141
-0.032218092;-2.44322775;-2.399530154;-2.434870659;-2.552693558;234
-0.367036832;-2.256554051;-2.293365501;-2.340095299;-2.507888325;227
-0.153044675;-2.200576046;-2.298420273;-2.348656071;-2.569321353;222
-0.11266407;-2.413643068;-2.476659021;-2.57910287;-2.858230503;135
-0.458420756;-1.883060951;-1.91425203;-2.010657968;-2.238137611;185
-0.220764368;-2.279260453;-2.342390822;-2.405676412;-2.628963186;221
-0.567832731;-2.230783348;-2.328640053;-2.46404241;-2.775179833;185
-0.031750606;-2.601743419;-2.643186622;-2.665385831;-2.845708131;139
-0.192464972;-2.747884926;-2.696255911;-2.661375598;-2.693484906;164
-0.478861916;-2.078660891;-2.12758253;-2.250439834;-2.539562092;252
-0.332547047;-2.311295844;-2.32887346;-2.403386962;-2.591476818;209
-0.113791376;-2.44169676;-2.477191269;-2.516504991;-2.650783686;178
-0.26520017;-2.557327428;-2.561018042;-2.59650937;-2.760657219;145
-0.341273323;-2.302175175;-2.349431493;-2.451396006;-2.698705382;185
0.002166062;-2.45378355;-2.451188901;-2.512860634;-2.710690263;165
0.293583513;-1.929430845;-1.917344579;-1.943632978;-2.056755646;177
0.202760687;-2.454659601;-2.490223728;-2.526483835;-2.64872543;130
-0.235450281;-2.47972954;-2.539498162;-2.603401251;-2.872520703;96
-0.35261703;-2.294705347;-2.328473754;-2.394111904;-2.589549918;234
-0.358030402;-2.381021104;-2.44156721;-2.52848709;-2.826489735;124
0.357839597;-2.731867315;-2.741966457;-2.763367778;-2.935472005;103
0.119420863;-2.683556385;-2.57381857;-2.577418695;-2.664776862;156
-0.679853714;-1.597967246;-1.60090923;-1.684443858;-1.900078147;247
-0.216096421;-2.506744574;-2.569749294;-2.646390133;-2.887507273;126
-0.252976823;-2.37827019;-2.380605899;-2.424052804;-2.601914093;233
0.258278015;-2.733606473;-2.658211457;-2.623569231;-2.613892879;208
0.326294042;-2.702263337;-2.583013526;-2.514126881;-2.535751364;242
0.370883017;-2.599492404;-2.517942485;-2.511994609;-2.571937;242
-0.646853454;-2.257604838;-2.352017257;-2.475329496;-2.838856391;94
-0.084072788;-2.757089777;-2.659153308;-2.647012564;-2.725398612;249
-0.614393726;-1.355737823;-1.374583907;-1.474261408;-1.699016737;227
-0.37675071;-2.277865227;-2.289767431;-2.361279181;-2.550747832;172
0.208978525;-2.357181956;-2.344257816;-2.381932648;-2.481002289;176
-0.374687549;-2.434816877;-2.50987149;-2.609060832;-2.858387514;174
-0.850780887;-2.497125978;-2.492141161;-2.569898649;-2.827859921;158
1.025510673;-2.403467229;-2.376017784;-2.419215594;-2.501009859;172
0.590897539;-2.802414027;-2.806384314;-2.790267357;-2.872039772;100
0.620500418;-2.875466106;-2.83198127;-2.806031575;-2.836193926;104
-0.103198302;-2.085219965;-2.130388146;-2.17461634;-2.313861757;215
0.101747074;-2.421435165;-2.425862893;-2.47378379;-2.640299378;242
-0.170053304;-2.633223774;-2.687898631;-2.733508416;-2.954283987;100
-0.611721137;-2.519430708;-2.567868856;-2.644921631;-2.943149629;93
-0.195179321;-2.064537627;-2.032017993;-2.068925739;-2.196075041;233
0.219584526;-2.90894465;-2.859752549;-2.861018754;-2.967251534;103
-0.440093375;-2.526993136;-2.509364044;-2.628662589;-2.923980681;158
0.086715664;-2.362269974;-2.324609123;-2.350811716;-2.461850841;186
-0.635449005;-2.2440613;-2.320650156;-2.451060537;-2.783860763;140
0.424473273;-2.750153499;-2.727683716;-2.715686824;-2.807863431;106
-0.170053304;-2.499074472;-2.5232382;-2.578954929;-2.797512773;240
-0.2226675;-2.423095929;-2.513634706;-2.600763215;-2.899146829;119
-0.557520231;-2.423718672;-2.4998717;-2.581575068;-2.859928671;103
-0.129402988;-2.44084321;-2.48170076;-2.530012836;-2.689018174;226
-0.32178218;-2.403241531;-2.456425967;-2.507053644;-2.680631985;227
-0.709965389;-2.312924743;-2.29786616;-2.353781599;-2.504568205;190
-0.103887331;-2.61338815;-2.589486628;-2.577962489;-2.678882729;156
0.114110357;-2.578601918;-2.552779156;-2.547134694;-2.614680849;247
0.546172368;-2.402700685;-2.330993002;-2.31113641;-2.300617351;169
-0.634512015;-2.499924562;-2.537961117;-2.59012535;-2.818143269;167
-0.420216403;-2.349450428;-2.365764228;-2.429544979;-2.605319674;181
0.270678836;-2.378903935;-2.336788473;-2.352071961;-2.452002299;231
0.003546693;-2.478356362;-2.501634715;-2.524148595;-2.68966659;229
-0.447733418;-2.181411708;-2.200019304;-2.23833026;-2.405883696;216
-1.298432015;-2.068115317;-2.053404009;-2.08931259;-2.21684737;200
-0.467882884;-2.274119471;-2.395368039;-2.497016438;-2.809615349;118
-0.75325529;-2.205030593;-2.251181231;-2.34367886;-2.658119341;237
0.264345507;-2.465449121;-2.578533786;-2.628454492;-2.899587406;133
-0.343422709;-2.354053062;-2.375296503;-2.43583609;-2.630452424;229
-0.288192771;-2.450413041;-2.441655574;-2.476841789;-2.638192299;180
-0.077793723;-2.873599069;-2.617105345;-2.640287807;-2.713891285;155
-0.572676214;-2.198101627;-2.252262322;-2.339744954;-2.558695198;216
-0.638272164;-3.118673557;-3.044554233;-2.986117932;-3.025621425;235
-0.281913705;-2.148266512;-2.16651292;-2.245740826;-2.481872754;250
0.255272505;-2.61225683;-2.403065166;-2.312194587;-2.145868075;262
0.256236533;-2.572922573;-2.553450252;-2.584256463;-2.742916648;154
0.204119983;-3.282358617;-3.153346253;-3.032241012;-2.871781725;230
0.362067586;-2.075618925;-2.016061341;-2.044466661;-2.156344411;243
-0.555955204;-2.234956519;-2.414524381;-2.504662036;-2.807185086;99
-0.278601624;-2.424820356;-2.483826226;-2.570205423;-2.855201698;98
-0.314706219;-2.502763964;-2.517309744;-2.541851858;-2.717847777;161
-0.158953535;-2.340733732;-2.377402123;-2.445772465;-2.649497102;186
0.097951071;-3.077643096;-3.042270151;-2.985351796;-3.073421946;277
-0.356547324;-2.220832893;-2.268780099;-2.360838158;-2.609894729;197
0.182414652;-2.331531892;-2.367979246;-2.446767082;-2.656278945;158
-0.064744718;-2.358986605;-2.349005048;-2.391037538;-2.536272851;186
-0.096817735;-2.2240045;-2.318306427;-2.409559332;-2.690028279;179
-0.004693941;-2.570142307;-2.61303453;-2.644407697;-2.811430625;241
0.00838723;-2.764583424;-2.755531881;-2.768073927;-2.905233037;100
0.166666883;-2.548267279;-2.564323303;-2.613414541;-2.770035459;221
0.191451014;-2.752894226;-2.680410133;-2.674566236;-2.729250844;227
-0.655607726;-2.515106651;-2.594279621;-2.666189118;-2.927585389;128
0.181557774;-2.592118136;-2.547611801;-2.539869086;-2.62760412;155
-0.561062299;-2.369819041;-2.439133843;-2.527221617;-2.821788488;112
-0.10693211;-2.453088466;-2.472341748;-2.508508458;-2.707706927;238
0.26245109;-2.565160545;-2.585291652;-2.627913941;-2.806793005;157
-0.154281982;-1.936566769;-1.862714204;-1.850924752;-1.968385991;239
-0.607883666;-3.050330963;-2.820078412;-2.831475116;-2.923628298;243
-0.68613278;-2.400833778;-2.41344735;-2.513655397;-2.742921694;195
-0.432973634;-1.50487241;-1.538047862;-1.636614646;-1.864076921;211
0.246572434;-2.857070192;-2.798001562;-2.778503085;-2.826272512;253
0.17912073;-2.298506361;-2.220263071;-2.219291999;-2.275616799;190
0.505149978;-3.256504346;-3.242592583;-3.104939517;-2.892586503;185
0.126131407;-2.697621877;-2.621985501;-2.607739847;-2.645950752;205
-0.273272791;-2.607837188;-2.614738618;-2.675408503;-2.899821138;246
-0.490797478;-2.367249936;-2.448806995;-2.541195112;-2.840425889;94
0.462397998;-3.150353363;-3.137645565;-3.011534244;-2.817789702;214
0.720159303;-2.487836643;-2.551133129;-2.5448083;-2.511390348;153
-0.412850502;-2.151817166;-2.206963652;-2.295445245;-2.516430532;184
-0.154281982;-2.979147099;-2.941205513;-2.89521049;-3.050918989;276
-0.628932138;-2.213626692;-2.295955581;-2.402739106;-2.74595321;117
-0.458732861;-2.341598296;-2.368843793;-2.465035968;-2.703668555;186
-0.458420756;-2.506453844;-2.51900164;-2.599791785;-2.848836466;124
0.832508913;-3.147323033;-3.143930602;-3.037023456;-2.838118037;179
0;-3.163349969;-3.028279413;-2.909410796;-2.755971897;203
-0.214670165;-2.260020843;-2.252062851;-2.304740956;-2.474956489;235
-0.048662481;-2.752906764;-2.726137017;-2.722271629;-2.824742518;235
0.193541989;-2.587366441;-2.612114755;-2.657776746;-2.820639547;137
-0.191114133;-2.408127022;-2.415437553;-2.472912468;-2.644024845;183
-0.254925208;-2.903762448;-2.795657498;-2.768917216;-2.863729494;157
0.61920106;-2.397506365;-2.440054374;-2.449506625;-2.575968355;242
-0.238072162;-2.423567999;-2.467211108;-2.565231558;-2.841568449;124
-0.096910013;-2.40679393;-2.397419602;-2.442732267;-2.618735605;180
0.602765147;-2.711336581;-2.720356094;-2.707610559;-2.821449215;106
-0.237508996;-2.534340448;-2.494027135;-2.52385048;-2.667617901;220
-0.627548299;-2.348321805;-2.331175723;-2.369933543;-2.562299368;252
0.110252917;-2.721466574;-2.670387569;-2.658960378;-2.770542913;132
0.734239604;-2.760770865;-2.947932371;-2.812607894;-2.819046198;96
0.512817759;-2.487198109;-2.464542069;-2.438659939;-2.459124559;245
0.010723865;-2.373050303;-2.35743053;-2.388609708;-2.532360674;239
0.273001272;-2.485935154;-2.546032539;-2.569993837;-2.640057;239
0.09482038;-2.845277875;-2.734188685;-2.709372925;-2.840551021;145
-0.183096161;-1.902211863;-1.894976532;-1.935500193;-2.076296432;233
-0.548981548;-2.279636916;-2.402433147;-2.464943224;-2.727323586;104
-1.301029996;-2.245912778;-2.326073644;-2.404314119;-2.676642279;202
-0.028956208;-2.656024731;-2.618740479;-2.63248437;-2.775297862;241
-0.216096421;-2.345372546;-2.41658062;-2.510210493;-2.802548515;102
0.445604197;-2.437372441;-2.398146239;-2.389553098;-2.416738751;190
0.46478752;-2.726093329;-2.714766395;-2.711306644;-2.818318446;106
0.012415375;-2.468156684;-2.48280529;-2.5211322;-2.722715195;162
0.005180513;-2.501243799;-2.496567519;-2.513329132;-2.678415031;225
0.236713563;-2.916753661;-2.922562322;-2.87103658;-2.931416032;94
-0.408935393;-2.425246436;-2.463039012;-2.530003565;-2.72730597;188
-0.556737013;-2.188416818;-2.314233727;-2.441078893;-2.746823673;99
0.210586025;-2.580329692;-2.621594104;-2.643614229;-2.821316229;156
-0.239766053;-2.609923384;-2.552903395;-2.587433622;-2.758182668;259
-0.080921908;-2.55038925;-2.491587051;-2.567563728;-2.783112897;233
0.400537989;-2.928124618;-2.961619104;-2.898262547;-2.813329806;149
-0.233215485;-2.431353762;-2.490955762;-2.557015363;-2.839729603;104
-0.022505031;-2.497665621;-2.468676946;-2.50882285;-2.683131154;108
-0.342466112;-2.55370288;-2.534657903;-2.570679808;-2.758702613;158
-0.424235019;-2.595535248;-2.590136336;-2.635848214;-2.839175655;239
0.214843848;-2.664933241;-2.643197699;-2.644517063;-2.736301928;160
0.202624524;-2.736136785;-2.739709134;-2.747790152;-2.8651678;248
0.707570176;-3.256422039;-3.210927202;-3.086449982;-2.899352422;174
-0.330218385;-2.45022563;-2.473244594;-2.542486729;-2.732164192;236
-0.698970004;-2.343285308;-2.375430705;-2.464436397;-2.700083224;173
0.063896038;-2.73596674;-2.695339536;-2.714468569;-2.825764241;264
-0.348721986;-2.62405213;-2.623949625;-2.637726052;-2.762122376;172
-0.025949097;-1.753709014;-1.716511228;-1.742553823;-1.858517303;241
-0.890860356;-2.37309193;-2.42381719;-2.488240397;-2.691883343;183
0.585268921;-2.902671876;-2.906374524;-2.887946594;-2.999541627;103
0.064457989;-2.87186837;-2.746538171;-2.707522406;-2.770861558;145
-0.257274869;-2.402281784;-2.445748465;-2.489446947;-2.694944137;134
-0.403952992;-2.543083551;-2.546685789;-2.644236903;-2.93966523;127
-0.023191663;-2.554422727;-2.5218296;-2.542040179;-2.709326889;243
-0.418505458;-2.218371558;-2.293984995;-2.408888403;-2.683948048;223
0.1430148;-2.345053677;-2.414946909;-2.459810598;-2.858999491;157
-0.203425667;-2.514652995;-2.572968548;-2.641910701;-2.918491752;103
-0.05774385;-2.359772357;-2.305795941;-2.339265873;-2.491959121;243
-0.795880017;-2.474880138;-2.379764496;-2.387690419;-2.442637547;175
-1.229147988;-2.195397;-2.328642644;-2.491489;-2.820796473;137
0.121559844;-3.383199019;-3.297966887;-3.108172181;-3.027466705;144
-0.661045748;-2.299576242;-2.392248257;-2.497253422;-2.80879359;113
-0.440093375;-2.394152694;-2.442372993;-2.548135153;-2.785712882;125
0.169233451;-2.593232173;-2.603868506;-2.64449082;-2.774333348;244
-0.357041121;-2.525206857;-2.564632537;-2.627895504;-2.825959682;131
-0.509339347;-1.988863941;-2.014553541;-2.075043897;-2.245937414;236
0.065206128;-2.202789607;-2.153332962;-2.193525281;-2.320128859;242
-0.008552402;-2.767363411;-2.759521393;-2.756418059;-2.915159651;101
-0.689306688;-2.306118702;-2.354685728;-2.464061501;-2.773510938;184
-0.132532512;-2.555802915;-2.377135955;-2.305478071;-2.29296604;265
0.13481437;-2.501468219;-2.521855596;-2.563651426;-2.731452215;129
-0.248720896;-2.46397895;-2.471882854;-2.557280103;-2.772933061;236
-0.017728767;-2.433900293;-2.235559036;-2.183920911;-2.153795114;273
0.260667537;-2.154853694;-2.227134592;-2.249155562;-2.387250994;196
0.945468585;-2.5853652;-2.491323521;-2.476570658;-2.428415187;172
-0.739928622;-2.407990439;-2.486474506;-2.580852328;-2.8385718;201
-0.285251239;-2.860391645;-2.825159862;-2.822621664;-2.953907711;93
0.635383181;-2.574747412;-2.463421484;-2.44433312;-2.348549272;175
0.834280791;-2.669494101;-2.544014217;-2.502529619;-2.373439974;172
-0.50416438;-2.346261536;-2.411252119;-2.509960151;-2.788269845;234
0.475976104;-2.478905479;-2.440040856;-2.464000061;-2.584248793;207
0.489297399;-2.671717869;-2.538347082;-2.484747854;-2.504874896;173
-0.301951677;-2.554086297;-2.585354334;-2.639527388;-2.837893726;214
-0.177276327;-2.534375528;-2.437093964;-2.399954043;-2.462312598;190
-0.153168247;-2.304263075;-2.371713064;-2.462689516;-2.707112003;153
-0.184236355;-2.463554564;-2.485539646;-2.530688101;-2.730256194;215
-0.847711656;-2.339104464;-2.375619915;-2.461571935;-2.695481683;173
0.336159426;-2.531216083;-2.503421526;-2.509845078;-2.650897586;207
-0.796967113;-2.212146642;-2.315876759;-2.458799681;-2.805077641;184
-0.113390847;-2.398676654;-2.397494;-2.438134978;-2.63049675;223
-0.206600796;-2.339516357;-2.364689;-2.442527086;-2.685990287;188
0.453517091;-2.478905479;-2.440040856;-2.464000061;-2.584248793;207
-0.150850953;-2.419203052;-2.353920008;-2.33063746;-2.332458236;164
-1.026872146;-2.121688279;-2.095336054;-2.134984493;-2.225747779;217
-0.617154804;-2.509861937;-2.554757392;-2.628295578;-2.839164859;214
-1.171772035;-2.464772865;-2.400696738;-2.419814524;-2.503505556;191
-0.650722473;-2.323322574;-2.368531676;-2.475423446;-2.793066777;137
0.265124553;-2.572478999;-2.47646449;-2.446808999;-2.485117425;173
-1.251811973;-2.302491944;-2.363312555;-2.466485189;-2.719264602;186
0.933284783;-2.34112193;-2.342309527;-2.390491178;-2.535364272;173
-0.368089717;-2.624122126;-2.647191391;-2.677742861;-2.857685947;214
-0.333248088;-2.484522896;-2.52879501;-2.593725246;-2.822533628;208
-0.326232858;-2.342116047;-2.414797216;-2.497594186;-2.751552949;215
-0.302404539;-2.383356052;-2.394241606;-2.443089912;-2.647089443;213
-1.413784142;-2.453475967;-2.526410855;-2.607748999;-2.885054584;216
-1.063933852;-2.50545124;-2.574271825;-2.63878966;-2.901989664;216
-0.36472742;-2.431811422;-2.479321701;-2.545763273;-2.775551888;211
-0.192284617;-2.228147247;-2.249767234;-2.318607781;-2.502985714;210
-0.218135996;-2.510937315;-2.48249176;-2.499536829;-2.644486798;176
-0.835647144;-2.335999317;-2.387304918;-2.480106277;-2.711514683;180
0.320603198;-2.478905479;-2.440040856;-2.464000061;-2.584248793;207
0.242566273;-2.799542404;-2.665669518;-2.55744404;-2.506093247;186
-0.04406223;-2.695450665;-2.608249679;-2.529723758;-2.550219782;187
-0.103870781;-2.422545082;-2.442830741;-2.500555558;-2.723723213;215
0.034989216;-2.71945418;-2.625434573;-2.524369774;-2.494113432;187
-0.683191248;-2.344406851;-2.39558277;-2.470051984;-2.711189819;186
-0.282262944;-2.383356052;-2.394241606;-2.443089912;-2.647089443;213
-0.858205436;-2.301341149;-2.354482236;-2.45236151;-2.718008831;190
0.373261506;-2.36531168;-2.28841976;-2.299495308;-2.413159843;171
-0.656414179;-2.383356052;-2.394241606;-2.443089912;-2.647089443;213
0.324282455;-2.296924103;-2.297159146;-2.318226445;-2.415499162;168
-0.140047039;-2.72914492;-2.621601554;-2.603921016;-2.721507969;203
-0.347270304;-2.352831002;-2.34633779;-2.397726714;-2.542589879;189
-0.826813732;-2.297774854;-2.324831932;-2.41215383;-2.638847891;172
0.151676225;-2.491291752;-2.457806938;-2.467940156;-2.55774057;174
-0.320790214;-2.431811422;-2.479321701;-2.545763273;-2.775551888;211
-0.261068891;-2.508365487;-2.547875162;-2.604632714;-2.834296093;214
-0.107866424;-2.525288806;-2.497373942;-2.50974352;-2.647779266;223
-0.241027583;-2.339516357;-2.364689;-2.442527086;-2.685990287;188
0.141355692;-2.614846486;-2.540348069;-2.513737178;-2.592851212;187
0.57631831;-2.708129647;-2.566570537;-2.504611093;-2.508864619;173
0.424914289;-2.606952236;-2.466715494;-2.428564173;-2.425812414;171
-0.500656641;-2.484522896;-2.52879501;-2.593725246;-2.822533628;208
0.319439203;-2.531216083;-2.503421526;-2.509845078;-2.650897586;207
0.246867722;-2.799542404;-2.665669518;-2.55744404;-2.506093247;186
-0.093104939;-2.320718044;-2.440148892;-2.500034014;-2.723874042;214
-0.810509686;-3.012006797;-3.213806707;-3.149601304;-3.170464022;199
-0.527360548;-2.321593714;-2.33643221;-2.427886636;-2.681079988;190
-0.504192113;-2.610261556;-2.582624643;-2.610218186;-2.795752462;223
0.196480168;-2.799542404;-2.665669518;-2.55744404;-2.506093247;186
0.225980885;-2.496413987;-2.402938293;-2.380837981;-2.438868193;171
0.301811023;-2.36531168;-2.28841976;-2.299495308;-2.413159843;171
-0.370080964;-2.315967817;-2.365775924;-2.463933068;-2.698568468;186
-0.414973782;-2.30931672;-2.380995834;-2.494614074;-2.804401692;151
-0.510843386;-2.301341149;-2.354482236;-2.45236151;-2.718008831;190
0.175569793;-2.593440575;-2.472719479;-2.404218494;-2.418845969;190
-0.943095149;-2.306103762;-2.353934233;-2.431781961;-2.676363085;211
-0.721909776;-2.365462779;-2.37830817;-2.418229145;-2.611759328;186
0.132835804;-2.618512723;-2.569617562;-2.564512386;-2.678037428;229
0.526597709;-2.596278749;-2.472066199;-2.380958245;-2.33457193;191
-0.545856673;-2.651843173;-2.690251695;-2.758849645;-2.940592229;214
-0.717377887;-2.301341149;-2.354482236;-2.45236151;-2.718008831;190
0.51834282;-2.748164506;-2.621452575;-2.55400433;-2.556839064;173
0.812913357;-2.669494101;-2.544014217;-2.502529619;-2.373439974;172
-0.785686103;-2.334379427;-2.408775068;-2.496398596;-2.746589053;186
-0.227150418;-2.290575349;-2.319781372;-2.402992333;-2.65200802;195
-0.647817482;-2.297774854;-2.324831932;-2.41215383;-2.638847891;172
-0.442841818;-2.484522896;-2.52879501;-2.593725246;-2.822533628;208
-0.727253589;-2.365587526;-2.432593057;-2.51860109;-2.77530304;186
-0.096942586;-2.624122126;-2.647191391;-2.677742861;-2.857685947;214
-0.499159995;-2.517195709;-2.493221083;-2.540483575;-2.727258224;223
0.211334164;-2.543191394;-2.468148133;-2.446479603;-2.523840614;192
-0.117811416;-2.651843173;-2.690251695;-2.758849645;-2.940592229;214
0.587475237;-2.478905479;-2.440040856;-2.464000061;-2.584248793;207
0.229477059;-2.534375528;-2.437093964;-2.399954043;-2.462312598;190
-0.12908718;-2.651843173;-2.690251695;-2.758849645;-2.940592229;214
-0.954598777;-2.341915877;-2.395210054;-2.489647516;-2.744324271;189
0.177336188;-2.515011247;-2.47900688;-2.504331636;-2.689120905;170
-0.597881972;-2.425853631;-2.458549067;-2.518675206;-2.733561792;228
0.332034277;-2.531216083;-2.503421526;-2.509845078;-2.650897586;207
0.471042214;-2.717387855;-2.585809086;-2.520112864;-2.51875421;173
-0.691798539;-2.436193434;-2.575232993;-2.651549098;-2.902143215;214
-0.758752449;-2.339294615;-2.386159235;-2.476333508;-2.715351158;193
-0.396920614;-2.342116047;-2.414797216;-2.497594186;-2.751552949;215
-0.015472687;-2.4554421;-2.296028388;-2.241677529;-2.155521022;217
-0.356054087;-2.772645311;-2.72144119;-2.676226853;-2.720645431;167
0.372506963;-2.478905479;-2.440040856;-2.464000061;-2.584248793;207
-0.66296026;-2.383356052;-2.394241606;-2.443089912;-2.647089443;213
-0.427279382;-2.612251317;-2.652957788;-2.724504599;-2.92842542;212
-0.713094647;-2.315000958;-2.381570729;-2.514878484;-2.857348722;185
0.451310446;-2.543088101;-2.424463012;-2.365304932;-2.386333622;191
-0.142703696;-2.614846486;-2.540348069;-2.513737178;-2.592851212;187
-0.923833061;-2.373279612;-2.416050874;-2.510292613;-2.740877221;193
-0.628193541;-2.460404815;-2.497838318;-2.531565376;-2.711607002;213
0.399691024;-2.407810469;-2.332336582;-2.338072369;-2.421966474;173
-0.339504494;-2.26808149;-2.274217941;-2.328167327;-2.487523998;188
-0.632644079;-2.263267189;-2.305719634;-2.388715243;-2.636944499;170
-1.075720714;-2.307960579;-2.353935215;-2.454499907;-2.692007054;186
0.198189557;-2.51632842;-2.4749526;-2.482127315;-2.616618787;207
-1.088331131;-2.48809419;-2.539640625;-2.609085196;-2.898942366;216
1.004622266;-2.654131475;-2.539288688;-2.515644204;-2.398800111;170
-0.242960968;-2.426474545;-2.416713696;-2.46274346;-2.661112215;188
-0.531490209;-2.427556865;-2.454952672;-2.513734627;-2.709150126;211
1.217747079;-2.696733727;-2.583613321;-2.5477033;-2.437686195;173
-0.079537514;-2.614846486;-2.540348069;-2.513737178;-2.592851212;187
-0.669160259;-2.23219622;-2.294916838;-2.38280427;-2.637268782;236
0.26252228;-2.50992179;-2.443112681;-2.437049291;-2.533555912;171
-0.081890994;-2.456202295;-2.410817399;-2.47431589;-2.652639536;220
-0.827805872;-2.623982329;-2.525356064;-2.499528872;-2.542447959;193
-1;-2.297508718;-2.354911834;-2.455830219;-2.701911431;189
-0.829738285;-2.266376116;-2.280564627;-2.340658361;-2.516567194;190
0.311944485;-2.531216083;-2.503421526;-2.509845078;-2.650897586;207
-0.49036743;-2.538193345;-2.547237117;-2.598435423;-2.792954874;208
-0.426049808;-2.375909614;-2.405575625;-2.466769432;-2.685607517;186
-1.004364805;-2.297261431;-2.335675401;-2.422143684;-2.645540808;189
-0.316916922;-2.614846486;-2.540348069;-2.513737178;-2.592851212;187
-0.787519412;-2.325333279;-2.370018141;-2.464854426;-2.730252227;190
0.050031562;-2.375909614;-2.405575625;-2.466769432;-2.685607517;186
-0.166177419;-2.467258994;-2.463713582;-2.50060644;-2.687841269;215
-0.104001356;-2.189090551;-2.180156899;-2.233239782;-2.369714336;205
-0.151601487;-2.614846486;-2.540348069;-2.513737178;-2.592851212;187
-0.223502212;-2.517195709;-2.493221083;-2.540483575;-2.727258224;223
0.3238294;-2.606952236;-2.466715494;-2.428564173;-2.425812414;171
-1.255707017;-2.212218422;-2.338400729;-2.491734844;-2.847420287;233
